PEDP Agency for Sorting,Dataset/Tool Name,Agency or Org Abbrev,Agency,Sub-Agency/Org,Original Location (URL),Downloading Entity,Backup Location (URL),PEDP Metadata Doc,Dataset Size,"Dataset Size_Units (MB,GB,TB, etc.)",Date Downloaded,Source File,Dataset Title,Subtitle,Archived Title,Keywords,CCH Terms,Subject,Original URL,Capture / Download Date,Alternate (Source) Identifier,Description,README file?,Separate data dictionary?,Notes,Original Author / Agency,Deposit Digital Identifier,Depositor,Deposit Date,Time Period / Temporal Resolution,Is Your Data Geospatial?,Spatial Reference System,Spatial File Format(s),Spatial File Features,Documentation and Access to Sources,Source Dataset Disclaimer,Data User Support,Size,Change Log,Summary
CEQ,"Climate and Economic Justice Screening Tool (CEJST) version 1 (2022), version 2 (2024) datasets and Justice40 CEJST Map of Tracts for version 1",CEQ,Council on Environmental Quality,,https://www.arcgis.com/home/item.html?id=ee9ddbc95520442482cd511f9170663a,Harvard/BU CAFE,https://doi.org/10.5281/zenodo.21843287 (datasets and documentation); https://arcgis.com/home/item.html?id=f95344889cab44bd84207052f44cb940 (online map of V1),https://docs.google.com/document/d/12mhUjO-XB-eI4neWECfbs4Or4gMoQCOvx0crafP9QSI/edit?usp=drive_link,838,MB,2/4/2025,metadata_CEQ_CEJSTJustice40_DM_NJY_20241205_v1.docx,"Climate and Economic Justice Screening Tool (CEJST) version 1 (2022), version 2 (2024) datasets and Justice40 CEJST Map of Tracts for version 1",,"Extracted Data from: CEQ CEJST, versions 1 and 2","Climatology/Climate Change, Demographics, Economy, Environment, Society",,,https://screeningtool.geoplatform.gov/en/downloads#3/33.47/-97.5,2024-12-5,,"Data archived were downloaded in 2026 (8/6/2026 - 8/7/2026) from the Public Environmental Data Partners archives of Council on Environmental Quality’s (CEQ’s) CEJST tool (v.1 - https://doi.org/10.7910/DVN/B6ULET), and from the replicated tool itself (v.2 - https://public-environmental-data-partners.github.io/j40-cejst-2/en/downloads#3/33.47/-97.5).  These datasets were originally archived in December 2024, and January 2025, and the v.1 data and codebook were preserved from [https://screeningtool.geoplatform.gov/en/downloads#3/33.47/-97.5 ].  Thus the “download date” of these is listed as 12/5/2024, even though some of these data were downloaded from their archived sites later.  

A map of version 1.0 (2022 Justice 40) is also available at https://arcgis.com/home/item.html?id=f95344889cab44bd84207052f44cb940 (accessed 08/06/2026). From that site: “This layer is an archive of Version 1.0 of the CEJST data as a fully functional GIS layer.” 

Other keywords are:  social, equity, ACS, American Community Survey, FEMA, National Risk Index, NRI, Energy, LEAD, EPA, EJSCREEN, Office of Air and Radiation, OAR, EPA National Air Toxics Assessment, NATA, Department of Transportation, DOT, Comprehensive Housing Affordability Strategy, CHAS, RCRA, CERCLIS, RMP, Risk-Screening Environmental Indicators, RSEI, Justice 40, Justice40",,,,Council on Environmental Quality (CEQ),https://doi.org/10.5281/zenodo.21843287,"Public Environmental Data Partners, Dylan Carlson Sirvent Leon and naomi yoder (naomi.yoder@envirodatagov.org - datasets) and David Muñoz (munozd@pm.me - metadata)",2024-12-05,2022-11-01 - 12-01-2024,No,,,,"Original documentation not accessible as the website is no longer accessible.  

Quoted from https://public-environmental-data-partners.github.io/j40-cejst-2/en/about, accessed 8/7/2026, “The tool shows information about the burdens that communities experience. It uses datasets to identify indicators of burdens. The tool shows these burdens in census tracts. Census tracts are small units of geography. Census tract boundaries for statistical areas are determined by the U.S. Census Bureau once every ten years. The tool utilizes the census tract boundaries from 2010. The tool also shows land within the boundaries of Federally Recognized Tribes and point locations for Alaska Native Villages.
The tool ranks most of the burdens using percentiles. Percentiles show how much burden each tract experiences compared to other tracts. Certain burdens use percentages or a simple yes/no.
A community is considered to be disadvantaged if they are located within a census tract that meets the tool’s methodology or are on land within the boundaries of Federally Recognized Tribes”.",,,838 MB,Version 1.0,
CEQ,Federal Scope 3 Greenhouse Gas Emissions Inventory Dashboard,CEQ,Council on Environmental Quality,Office of the Federal Chief Sustainability Officer,https://www.sustainability.gov/federal-scope-3-emissions-inventory.html,EDGI,https://doi.org/10.5281/zenodo.14799092,https://docs.google.com/document/d/1JHM_Qr3YGdPq6AeLEmllabKpawVy52fQsgp-FiiIF5w/edit?usp=drive_link,1,MB,,metadata_CEQ_FedScope3FYs2223_EN_20250204_V2.docx,Federal Scope 3 Greenhouse Gas Emissions Inventory,,US Federal Agency Scope 3 Greenhouse Gas Emissions FYs 2022 and 2023,"Environment, Fossil Fuels, Pollution",,,https://www.sustainability.gov/federal-scope-3-emissions-inventory.html,2025-02-03,,"This tool displays Scope 3 emissions by agency, category, and sub-category for FY22 and FY23.",,,,"Office of the Federal Chief Sustainability Officer, Council on Environmental Quality",https://doi.org/10.5281/zenodo.14799092,Eric Nost,2025-02-04,"Fiscal Years 2022 and 2023 (2021-10-01 through 2022-09-30, 2022-10-01 through 2023-09-30)",No,missing,missing,missing,Additional archive at: https://www.sustainability.gov/archive/biden46/federal-scope-3-emissions-inventory.html,,,missing,"V2 - added metadata file, updated title",
CSB,All US CSB reports and recomendations - Current Investigations,CSB,Chemical Safety and Hazard Investigation Board,,https://www.csb.gov/investigations/current-investigations/,EDGI,https://doi.org/10.7910/DVN/BTYOI1,pdf,https://docs.google.com/document/d/11Cne_Ea7kSS82H2UO_-DkXqAtP-KANciqCdGhJ09az0/edit?usp=drive_link,102,MB,Metadata_CSB_CurrentInvestigations_njy_20251119.docx,Current Investigations,,"Extracted Data from: Chemical Safety and Hazardous Investigations Board (CSB), Current Investigations","Disaster, Environment, Fossil Fuels, Health, Petrochemicals, Pollution, Public Health, Society, Structure","Air Pollution, Anthropogenic Emissions, Climate Risk, Disaster, Disaster Research Response, Emergency, Emissions Scenario, Environment, Environmental Health, Exposure, Exposure Pathway, Fossil Fuels, Health, Health Effects Research, Health Hazard, Incidence, Loss and Damage, Mortality, Physical Injury, Policy, Public Health, Regulation, Risk, Toxin",Other (Chemical Disaster Evaluation),https://www.csb.gov/investigations/current-investigations/,2025-10-29,,"“[The CSB is an independent federal agency charged with investigating chemical incidents to determine the cause or probable cause. Headquartered in Washington, DC, the Agency's board members are appointed by the President and confirmed by the Senate.
The CSB's public safety mission is to ""drive chemical safety excellence through independent investigations to protect communities, workers, and the environment.""
The CSB's vision is ""a nation free from chemical disasters.""]” - Quote from https://www.csb.gov/about-the-csb/mission/ , accessed on 2025-11-18.
The Current Investigations section of the CSB website shows linked pages for incidents where the investigation is not “complete”; that is, an incident where a Final Report has not been issued yet, or the case has not been closed by the Board.
Upon download, there were eight (8) open investigations.  For each investigation, a PDF of the CSB landing page (with url links) is included in the archive.  There is no README for the archive.  The files are arranged as zip files with the date (YYYYMMDD) at the beginning of the zip folder name.
There are also a couple of files included that pertain to several investigations included for this upload.",No,No,"Another archive contains all of the Past Investigations data, plus Recommendations.",Chemical Safety and Hazard Investigation Board (CSB),https://doi.org/10.7910/DVN/BTYOI1,"naomi yoder, Environmental Data and Governance Initiative / Public Environmental Data Partners, naomi.yoder@envirodatagov.org (RocketChat handle @naomi, GitHub username @naomi-yoder)",2025-11-19,2023-07-14 through 2025-08-11,No,,,,"Quoted from https://www.csb.gov/investigations/data-quality-/ , accessed 11/19/2025:

CHEMICAL SAFETY AND HAZARD INVESTIGATION BOARD
Final Guidelines for Ensuring and Maximizing the Quality, Objectivity, Utility, and Integrity of Disseminated Information
SUMMARY:
The Chemical Safety and Hazard Investigation Board (CSB) implements these Guidelines pursuant to Section 515 of the Treasury and General Government Appropriations Act for Fiscal Year 2001, Pub. L. No. 106-554, and government-wide Guidelines issued by the Office of Management and Budget (OMB), OMB Guidelines for Ensuring and Maximizing the Quality, Objectivity, Utility, and Integrity of Information Disseminated by Federal Agencies, 67 Fed. Reg. 8452 (Feb. 22, 2002) (OMB Guidelines).
 
The purpose of the OMB guidelines is to ensure and maximize the quality, objectivity, utility, and integrity of information, including statistical information, disseminated by Federal agencies that are subject to the Paperwork Reduction Act, 44 U.S.C. Section 3502(1). As is the intent of OMB’s Guidelines, CSB’s Guidelines focus primarily on the dissemination of substantive information rather than information pertaining to basic agency operations. The Guidelines also apply to information other parties provide to the CSB, if the other parties seek to have the CSB rely upon or disseminate this information or if the CSB decides to rely upon or disseminate the information.
 
Through these guidelines, the CSB establishes as its performance standard a goal of disseminating information consistent with the OMB and CSB guidelines. The CSB’s pre-dissemination review described in section IV applies to information that the CSB first disseminates on or after October 1, 2002. The administrative mechanism for correcting information that the CSB disseminates applies to information the CSB disseminates on or after October 1, 2002, regardless of when the CSB first disseminated the information.
 
These Guidelines are suggestions, recommendations, and policy views of the CSB. They are not intended to be, and should not be construed as, legally binding regulations or mandates. They do not create any right or benefit, substantive or procedural, enforceable at law or equity, by any party against the United States, its agencies (including the CSB), officers, or employees, or any person.","Quoted from https://www.csb.gov/privacy-policy/ , accessed 11/19/2025:

The U.S. Chemical Safety and Hazard Investigation Board (CSB) provides this website as a public service. It contains public information that may be distributed or copied unless otherwise specified.",missing,missing,v.1,
CSB,All US CSB reports and recomendations - Past Investigations,CSB,Chemical Safety and Hazard Investigation Board,,https://www.csb.gov/investigations/; https://www.csb.gov/investigations/completed-investigations/ ; https://www.csb.gov/recommendations/,EDGI,https://doi.org/10.7910/DVN/PSIW70,pdf,https://docs.google.com/document/d/1GxyKECVOOGFdJH9db6kdflMWwWJRMBasihBAghuf8lY/edit?tab=t.0,2.1,GB,Metadata_CSB_PastInvestigationsRecommends_njy_20251119.docx,Past Investigations; Recommendations,CSB Past Investigations and Recommendations,Extracted Data from: Chemical Safety and Hazardous Investigations Board (CSB) - Past Investigations and Recommendations,"Disaster, Environment, Fossil Fuels, Health, Petrochemicals, Pollution, Public Health, Society, Structure","Air Pollution, Anthropogenic Emissions, Climate Risk, Disaster, Disaster Research Response, Emergency, Emissions Scenario, Environment, Environmental Health, Exposure, Exposure Pathway, Fossil Fuels, Health, Health Effects Research, Health Hazard, Incidence, Loss and Damage, Mortality, Physical Injury, Policy, Public Health, Regulation, Risk, Toxin",Other (Chemical Disaster Evaluation),https://www.csb.gov/investigations/completed-investigations/ ; https://www.csb.gov/recommendations/,2025-11-12 to 2025-11-14,,"File structure is listed below this quote.  “The CSB is an independent nonregulatory federal agency created by Congress charged with investigating the facts, conditions, and circumstances and the cause or probable cause of any accidental chemical release that results in a fatality, serious injury or substantial property damage. The CSB’s board members are appointed by the President and confirmed by the Senate.
Pursuant to its public safety mission, the CSB conducts root cause investigations of chemical accidents . Root causes are usually deficiencies in safety management systems, but can be any factor that would have prevented the accident if that factor had not occurred. Other accident causes can involve equipment failures, human errors, unforeseen chemical reactions or other hazards. The CSB does not issue fines or citations, but makes safety recommendations to companies, industry associations, standards-setting organizations, labor groups, regulatory agencies and others for preventing releases in the future and minimizing their consequences if they occur.  Congress designed the CSB to be nonregulatory and completely independent of other agencies so that its investigations can enhance public safety, protect  communities, workers, and the environment, and inform industry, regardless of whether the chemical release violates an existing law or regulation.  The CSB is the only federal agency with this statutory mandate.
The CSB investigative staff includes chemical and mechanical engineers, industrial safety experts, and other specialists with experience in the private and public sectors. Many investigators have years of chemical industry experience.
After a CSB team deploys to a chemical incident site, investigators begin their work by conducting detailed interviews of witnesses and obtaining documentary materials. Chemical samples and equipment obtained from accident sites are sent to independent laboratories for testing. Company safety records, inventories, and operating procedures are examined as investigators seek an understanding of the circumstances of the accident.
During the course of an investigation, investigators examine evidence, consult with Board members, and review operations and industry practices before drafting key findings and conclusions, root causes, and recommendations. During the process, investigators may confer with plant managers, workers, labor groups, government authorities, and other parties. When a draft report is completed, it is submitted to the Board for review and consideration. Final reports may be adopted through a written vote of the Board or in a formal public meeting.
Since the CSB began operations in 1998, the agency has deployed to roughly 180 incidents involving more than 200 fatalities, over 1,300 injuries, and many billions of dollars in damage to property and the environment.  As a result of the agency’s investigations, the CSB has issued more than 1000 recommendations that address the safety issues identified in those investigations and have resulted in safer industry practices that better protect communities, workers, and the environment and safeguard our nation’s critical chemical and petrochemical infrastructure.
In July 2022, as part of the CSB’s new commitment to transparency and information sharing, we began making data from the agency’s Accidental Release Reporting Rule (ARRR) publicly available on the CSB’s website. As of April  17, 2025, the data submitted to the CSB since the ARRR went into effect in 2020 covers reports of 495 chemical incidents involving fatalities at 76 facilities, serious injuries at 268 facilities, and substantial property damage at 232 facilities nationwide. Reportable incidents have occurred in 43 states and the U.S. Virgin Islands. 
Volume One of the Incident Reports was released on January 2025 and covers 26 accidental release events in 15 states: California, Colorado, Georgia, Illinois, Iowa, Kentucky, Louisiana, Massachusetts, Minnesota, New Mexico, North Carolina, North Dakota, South Carolina, Tennessee, and Texas. Together, the events resulted in 5 fatalities, 17 serious injuries, and nearly $700 million in property damage. Volume One of the reports is available on the CSB’s website at:
https://www.csb.gov/assets/1/6/csb_incident_reports_volume_one_2025-01-14.pdf.
Volume Two of the Incident Reports was released in March 2025 and covers 25 accidental release events in 14 states: Arkansas, Alabama, California, Colorado, Connecticut, Illinois, Louisiana, Mississippi, Nebraska, Nevada, New Mexico, Ohio, Oklahoma, and Texas.  These serious incidents resulted in 7 fatalities, 23 serious injuries, and approximately $1 billion in property damage.  Volume Two of the Incident Reports is available on the CSB’s website at: https://www.csb.gov/assets/1/6/Incident_Reports_Volume_2_2025-03-12.pdf.
Combined, the two volumes cover 51 serious chemical incidents in 22 states, involving 12 fatalities, 40 serious injuries, and over $1.7 billion in property damage.
Recommendations are the CSB's principal tool for achieving positive safety change. Implementation of each safety recommendation is tracked and monitored by CSB staff. When recommended actions have been completed satisfactorily, the recommendation may be closed by a Board vote.
While some recommendations may be adopted immediately, others require extensive effort and advocacy to achieve implementation. Board members and staff work to promote safety actions based on CSB recommendations. In many cases, the lessons from CSB investigations are applicable to many organizations beyond the company investigated. Many CSB recommendations have been implemented in industry, leading to safer facilities, workers, and communities.”
Quoted from https://www.csb.gov/about-the-csb/ , accessed 11/19/2025.
The files are organized by their Record ID (or “Case ID” that is sometimes referenced on the CSB website).  The CSB Past Investigations was scraped and catalogued (csb_past_investigations.csv in this archive) showing the ID, the title of the incident, the date the incident occurred and the date the specific file was downloaded.  All of the files in that csv were downloaded, and for each Past Investigation, the landing page was also downloaded as a “Print-to-PDF” function from the landing page.  All of the downloaded files were given a modified filename, where the Record ID precedes the filename, in this format:  [RECORDID]_[Original Filename].pdf for a pdf.  For files where there is no Record ID, the “date_incident” from the csb_past_investigations.csv was used (formatted MMDDYYY), in place of the Record ID, in the previous example.   Then each of the incidents (grouped by Record ID) was zipped together.  The zip archives are named with the Record ID and the company name or abbreviation.  There is an index of the Record ID numbers and the number of files present in each zip archive, in csb_past_zip_investigations_inventory.csv .   The landing pages only are also zipped into another file, csb_past_investigations_landing_pages.zip.

The same process was used for Recommendations, except there is no landing page for those.  The index of the scraped Recommendations is in csb_recommendations.csv .  The catalogue of zip files contents and naming conventions is in csb_past_zip_recommendations_inventory.csv .  

The code (scripts in Python) for scraping, downloading and zipping are in the csb_past_zip_[TYPE]_logs_code.zip.  These also include summary and detail logs of the downloads. 
 
For code used in scraping, downloading and zipping, see:  https://github.com/Public-Environmental-Data-Partners/scripts/tree/main/oneTimeHacks/CSB",No,No,,Chemical Safety and Hazardous Investigations Board (CSB),https://doi.org/10.7910/DVN/PSIW70,"naomi yoder, Environmental Data and Governance Initiative / Public Environmental Data Partners, naomi.yoder@envirodatagov.org (RocketChat handle @naomi, GitHub username @naomi-yoder)",11/20/2025,1998 - 2024,No,,,,"Quoted from https://www.csb.gov/investigations/data-quality-/ , accessed 11/19/2025:

CHEMICAL SAFETY AND HAZARD INVESTIGATION BOARD
Final Guidelines for Ensuring and Maximizing the Quality, Objectivity, Utility, and Integrity of Disseminated Information
SUMMARY:
The Chemical Safety and Hazard Investigation Board (CSB) implements these Guidelines pursuant to Section 515 of the Treasury and General Government Appropriations Act for Fiscal Year 2001, Pub. L. No. 106-554, and government-wide Guidelines issued by the Office of Management and Budget (OMB), OMB Guidelines for Ensuring and Maximizing the Quality, Objectivity, Utility, and Integrity of Information Disseminated by Federal Agencies, 67 Fed. Reg. 8452 (Feb. 22, 2002) (OMB Guidelines).
 
The purpose of the OMB guidelines is to ensure and maximize the quality, objectivity, utility, and integrity of information, including statistical information, disseminated by Federal agencies that are subject to the Paperwork Reduction Act, 44 U.S.C. Section 3502(1). As is the intent of OMB’s Guidelines, CSB’s Guidelines focus primarily on the dissemination of substantive information rather than information pertaining to basic agency operations. The Guidelines also apply to information other parties provide to the CSB, if the other parties seek to have the CSB rely upon or disseminate this information or if the CSB decides to rely upon or disseminate the information.
 
Through these guidelines, the CSB establishes as its performance standard a goal of disseminating information consistent with the OMB and CSB guidelines. The CSB’s pre-dissemination review described in section IV applies to information that the CSB first disseminates on or after October 1, 2002. The administrative mechanism for correcting information that the CSB disseminates applies to information the CSB disseminates on or after October 1, 2002, regardless of when the CSB first disseminated the information.
 
These Guidelines are suggestions, recommendations, and policy views of the CSB. They are not intended to be, and should not be construed as, legally binding regulations or mandates. They do not create any right or benefit, substantive or procedural, enforceable at law or equity, by any party against the United States, its agencies (including the CSB), officers, or employees, or any person.","Quoted from https://www.csb.gov/privacy-policy/ , accessed 11/19/2025:

The U.S. Chemical Safety and Hazard Investigation Board (CSB) provides this website as a public service. It contains public information that may be distributed or copied unless otherwise specified.",missing,missing,v.1,
CDC,Firearm Mortality by State,DHHS - CDC,Department of Health and Human Services,Centers for Disease Control and Prevention,https://www.cdc.gov/nchs/pressroom/sosmap/firearm_mortality/firearm.htm or https://www.cdc.gov/nchs/state-stats/deaths/firearms.html?CDC_AAref_Val=https://www.cdc.gov/nchs/pressroom/sosmap/firearm_mortality/firearm.htm,Harvard/BU CAFE,https://dataverse.harvard.edu/dataset.xhtml?persistentId=doi:10.7910/DVN/T7B1DG,CSV,https://docs.google.com/document/d/1jaPd2_cSxOHe0dVTk-TsyY2ZkVpZR951BMqC0DyA7S8/edit?usp=drive_link,2.6,MB,Metadata_DHHS-CDC-NCHS_Firearm Mortality_UV_20250321_v1.docx,Firearm Mortality by State,,Extracted Data From: Firearm Mortality by State,"Public Health (added at the time of metadata creation, not included in the Dataverse submission)",Behavioral and Social Sciences Research; Mortality; Public Health,"Medicine, Health and Life Sciences; Social Sciences",https://www.cdc.gov/nchs/pressroom/sosmap/firearm_mortality/firearm.htm,2025-03-21,,"This submission includes publicly available data extracted in its original form. Please reference the Related Publication listed here for source and citation information: Centers for Disease Control and Prevention, National Center for Health Statistics. National Vital Statistics System, Mortality 2018-2023 on CDC WONDER Online Database, released in 2024.

If you have questions about the underlying data stored here, please call 301-458-4800 or e-mail at paoquery@cdc.gov. If you have questions or recommendations related to this metadata entry and extracted data, please contact the CAFE Data Management team at: climatecafe@bu.edu.

""Number of deaths and age-adjusted death rates from firearm-related fatalities. States are categorized from highest rate to lowest rate. Although adjusted for differences in age-distribution and population size, rankings by state do not take into account other state specific population characteristics that may affect the level of mortality. When the number of deaths is small, rankings by state may be unreliable due to instability in death rates."" This dataset includes firearms mortality by state and year from 2005 to 2022. Taken from ""Stats of the States"", NCHS.
[Quote from: https://www.cdc.gov/nchs/pressroom/stats_of_the_states.htm] (2025-03-21)",No,No,"Cites: Centers for Disease Control and Prevention, National Center for Health Statistics. National Vital Statistics System, Mortality 2018-2023 on CDC WONDER Online Database, released in 2024.","Department of Health and Human Services, Centers for Disease Control and Prevention - National Center for Health Statistics",doi:10.7910/DVN/T7B1DG,Urvi Vinod,2025-03-21,Start Date: 2005-01-01; End Date: 2022-12-31,No,,,,"Terms and conditions were captured directly from CDC and are pasted below: ""The information provided using this website is only intended to be general summary information to the public. It is not intended to take the place of either the written law or regulations.""",,,missing,v1,