PEDP Agency for Sorting,Dataset/Tool Name,Agency or Org Abbrev,Agency,Sub-Agency/Org,Original Location (URL),Downloading Entity,Responsible Contact,Row Updated/Reviewed Last,Status Archiving,Tags ,Existing Backup?,Backup Location (URL),File Type,PEDP Metadata Doc,Dataset Size Backup,"Dataset Size_Units (MB,GB,TB, etc.)",Date Downloaded backup,Internal Notes,ObjectID,Source File,Dataset/Tool Name Backup,Subtitle,Archived Title,Keywords,CCH Terms,Subject,Original URL,Date Downloaded,Alternate (Source) Identifier,Description,README file?,Separate data dictionary?,Notes,Original Author / Agency,Deposit Digital Identifier,Depositor,Deposit Date,Time Period / Temporal Resolution,Is Your Data Geospatial?,Spatial Reference System,Spatial File Format(s),Spatial File Features,Documentation and Access to Sources,Source Dataset Disclaimer,Data User Support,Dataset Size,Change Log,Summary
FEMA,National Risk Index (NRI),DHS - FEMA,Department of Homeland Security,Federal Emergency Management Agency,https://hazards.fema.gov/nri/,Harvard/BU CAFE,DCSL,5/8/2026,All Archiving Done,,Yes,https://dataverse.harvard.edu/dataset.xhtml?persistentId=doi:10.7910/DVN/JSQ8KZ,"various (geodatabase, shapefile, CSV)",,2.6,GB,,easy downloads https://hazards.fema.gov/nri/data-resources,,,,,,,,,,,,,,,,,,,,,,,,,,,,,,
EPA,Clean Air Markets Program Data (CAMPD),EPA,Environmental Protection Agency,,https://campd.epa.gov/data,EDGI,WF ,5/7/2026,All Archiving Done,,Yes,https://docs.google.com/spreadsheets/d/17HvDLqwP1tZ2qCSei4ecffIEmn0WDmLUwQmKh5rHJTQ/edit?gid=1936181540#gid=1936181540,mulltiple,,7,TB,,"Approximate 23k files at https://api.epa.gov/easey/bulk-files (top level: 166819 xml; 55441 edr; 3092 emissions;  435 mats;   33 facility;   26 allowance;  15 compliance) Spreadsheet contains links: https://docs.google.com/spreadsheets/d/17HvDLqwP1tZ2qCSei4ecffIEmn0WDmLUwQmKh5rHJTQ/edit?usp=sharing [Size estimated based on 142 Zenodo entries, at 50GB each = 7,100 GB - NJY]",,,,,,,,,,,,,,,,,,,,,,,,,,,,,,
NOAA,Sea Level Rise,DOC - NOAA,Department of Commerce,National Oceanic and Atmospheric Administration,https://coast.noaa.gov/slrdata/,ESRI,ESRI,5/8/2026,All Archiving Done,,Yes,https://arcgis.com/home/item.html?id=cab265835317461e818f13eabc242ed1; for data download please contact PEDP hello@publicenvirodata.org .  Thanks!,various,,n/a,,,"lots of map images, etc.  NJY - this one i'm leaving in place because a user can go and look at the SLR viewer in ArcGIS Online.  But we can still try to get a copy of the tool itself to archive, so that's the ""in progress"" part.  update:  If a user comes looking for this, dpisut@esri.com has it - please contact him to deliver a copy of the raw data to any user.",,,,,,,,,,,,,,,,,,,,,,,,,,,,,,
NOAA,US Global Change Research Program Reports,DOC - NOAA - USGCRP,Department of Commerce,National Oceanic and Atmospheric Administration - US Global Change Research Program,https://www.globalchange.gov/reports,Webrecorder,,5/8/2026,All Archiving Done,,Yes,https://app.browsertrix.com/explore/usgov-archive/collections/global-change-research-program#url=https%3A%2F%2Fglobalchange.gov%2F&ts=20241116083045,"pdf, website",,47.5,GB,,[I wasn't quite sure how to download this; when i went to download it was a file type i don't recognize so i didn't know what to do with it once it downloaded - NJY],,,,,,,,,,,,,,,,,,,,,,,,,,,,,,
USGS,Wetlands Map Data,DOI - USGS,Department of the Interior,US Geological Survey,https://fwspublicservices.wim.usgs.gov/wetlandsmapservice/rest/services/Wetlands/MapServer,ESRI,DP,11/5/2025,All Archiving Done,,Yes,https://arcgis.com/home/item.html?id=050d4dd33df7462db3ea3b76c1320462,GIS,,n/a,,,"This is available in ArcGIS Online only.  For download, contact Dan directly.",,,,,,,,,,,,,,,,,,,,,,,,,,,,,,
CDC,Reported Cases of Valley Fever,DHHS - CDC,Department of Health and Human Services,Centers for Disease Control and Prevention,https://www.cdc.gov/valley-fever/php/statistics/index.html,Harvard/BU CAFE,MM,4/24/2026,All Archiving Done,,Yes,https://dataverse.harvard.edu/dataset.xhtml?persistentId=doi:10.7910/DVN/2PP0I7,,,3.4,MB,5/13/2025,,,,,,,,,,,,,,,,,,,,,,,,,,,,,,,
EPA,Inventory of U.S. Greenhouse Gas Emission and Sinks by State,EPA,Environmental Protection Agency,,https://cfpub.epa.gov/ghgdata/inventoryexplorer/,Harvard/BU CAFE,ZP,5/7/2026,All Archiving Done,,Yes,https://dataverse.harvard.edu/dataset.xhtml?persistentId=doi:10.7910/DVN/3VIXG4,"XLSX, Interactive Data Explorer",,81.4,MB,1/28/2025,"-https://www.epa.gov/ghgemissions/state-and-tribal-greenhouse-gas-data-and-resources
- Downloadable data; maps and charts might not be readily obtained/reproduced ",,,,,,,,,,,,,,,,,,,,,,,,,,,,,,
DHHS,Maternal and Child Health Bureau,DHHS - HRSA,Department of Health and Human Services,Health Resources and Services Administration,https://data.hrsa.gov/data/download,Harvard/BU CAFE,SN,5/6/2026,All Archiving Done,,Yes,https://dataverse.harvard.edu/dataset.xhtml?persistentId=doi:10.7910/DVN/8RNZYQ,XLSX,,1,MB,,"The dataset exists in a dropdown menu on a webpage with other datasets. Suggest printing PDF of the full page for context, but uploading each section seperately. [there's only one file in the archive, and it's under 1MB - NJY 5/6/2026]",,,,,,,,,,,,,,,,,,,,,,,,,,,,,,
EPA,Environmental Quality Index (EQI),EPA,Environmental Protection Agency,,https://www.epa.gov/healthresearch/environmental-quality-index-eqi,Harvard/BU CAFE,ZP,5/7/2026,All Archiving Done,,Yes,https://dataverse.harvard.edu/dataset.xhtml?persistentId=doi:10.7910/DVN/A9ZHHR,"CSV,XLSX,XML,DOCX,PDF,ZIP",,13.3,MB,2/13/2025,Sperate Metadata included here: https://www.epa.gov/healthresearch/environmental-quality-index-eqi#downloads,,,,,,,,,,,,,,,,,,,,,,,,,,,,,,
DHHS,National Survey on Drug Use and Health (NSDUH),DHHS - SAMHSA,Department of Health and Human Services,Substance Abuse and Mental Health Services Administration,https://www.samhsa.gov/data/data-we-collect/nsduh-national-survey-drug-use-and-health/datafiles,Harvard/BU CAFE,eag / eannegunn@gmail.com,5/6/2026,All Archiving Done,,Yes,https://dataverse.harvard.edu/dataset.xhtml?persistentId=doi:10.7910/DVN/AA28CJ,"PDF, Multiple (R, SAS, CSV, etc.)",,26.1,GB,,size is for the downloadable files (not necessarily unzipped),,,,,,,,,,,,,,,,,,,,,,,,,,,,,,
EPA,Facility Level Information on Greenhouse Gases Tool (FLIGHT) - Data Only - 2025-09-10 Deposit,EPA,Environmental Protection Agency,,https://ghgdata.epa.gov/ghgp/main.do#/facility/,Harvard/BU CAFE,Anne G,5/7/2026,All Archiving Done,,Yes,https://dataverse.harvard.edu/dataset.xhtml?persistentId=doi:10.7910/DVN/BKFRXN,"XML,XLSX,XLS,PDF",,580,MB,2/20/2025,Downloadable data as XML. https://ccdsupport.com/confluence/display/ghgp,,,,,,,,,,,,,,,,,,,,,,,,,,,,,,
EPA,Facility Level Information on Greenhouse Gases Tool (FLIGHT) - Data Only - 2025-02-20 deposit,EPA,Environmental Protection Agency,,https://ghgdata.epa.gov/ghgp/main.do#/facility/,Harvard/BU CAFE,naomi / naomi.yoder@envirodatagov.org,5/7/2026,All Archiving Done,,Yes,https://dataverse.harvard.edu/dataset.xhtml?persistentId=doi:10.7910/DVN/TQG6RR,"XML,XLSX,XLS,PDF",,412,MB,2/20/2025,Downloadable data as XML. https://ccdsupport.com/confluence/display/ghgp,,,,,,,,,,,,,,,,,,,,,,,,,,,,,,
EPA,Extracted Data From: EPA Envirofacts Greenhouse Gas Database,EPA,Environmental Protection Agency,,https://ghgdata.epa.gov/ghgp/main.do#/facility/,Harvard/BU CAFE,naomi / naomi.yoder@envirodatagov.org; Anne G,5/7/2026,All Archiving Done,,Yes,https://dataverse.harvard.edu/dataset.xhtml?persistentId=doi:10.7910/DVN/6V0F7S,"XML,XLSX,XLS,PDF",,466,MB,2/20/2025,Downloadable data as XML. https://ccdsupport.com/confluence/display/ghgp,,,,,,,,,,,,,,,,,,,,,,,,,,,,,,
OSHA,Chemical Exposure Health Data,DOL - OSHA,Department of Labor,Occupational Safety and Health Administration,https://www.osha.gov/opengov/health-samples,,AC,11/20/2025,All Archiving Done,,Yes,https://dataverse.harvard.edu/dataset.xhtml?persistentId=doi:10.7910/DVN/CMX1LJ,,,164,MB,,scope?,,,,,,,,,,,,,,,,,,,,,,,,,,,,,,
EPA,Chemical Reporting Data,EPA,Environmental Protection Agency,,https://www.epa.gov/chemical-data-reporting/access-chemical-data-reporting-data,Harvard/BU CAFE,eag / eannegunn@gmail.com,5/7/2026,All Archiving Done,,Yes,https://dataverse.harvard.edu/dataset.xhtml?persistentId=doi:10.7910/DVN/DGSBXU,,,249.2,MB,,"on the list twice with different info filled in. Seperate Metadata: https://www.epa.gov/chemical-data-reporting/using-cdr-database, https://www.epa.gov/chemical-data-reporting/access-chemical-data-reporting-data",,,,,,,,,,,,,,,,,,,,,,,,,,,,,,
GSA,"Federal Advisory Committees  Act (FACA) Database Downloadable Datasets
Version 1.1database",GSA,General Services Administration,,https://www.facadatabase.gov/FACA/s/FACADatasets,Harvard/BU CAFE,eag / eannegunn@gmail.com,5/8/2026,All Archiving Done,,Yes,https://dataverse.harvard.edu/dataset.xhtml?persistentId=doi:10.7910/DVN/ECFZ61,,,1.7,GB,,"It allows organizations to follow the make up and existence of federal advisory committees. Seperate Metadata: https://www.facadatabase.gov/FACA/s/FACAHelpPage, https://www.facadatabase.gov/FACA/s/FACADatasets",,,,,,,,,,,,,,,,,,,,,,,,,,,,,,
EPA,2006 IUR Public Database,EPA - TSCA,Environmental Protection Agency,Toxics Substances Control Act,https://www.epa.gov/chemical-data-reporting/downloadable-2006-iur-public-database,Harvard/BU CAFE,eag / eannegunn@gmail.com,5/7/2026,All Archiving Done,,Yes,https://dataverse.harvard.edu/dataset.xhtml?persistentId=doi:10.7910/DVN/F3A62W,,,4.5,MB,2/26/2025,"There was a 2006 version and a 2002-1986 version. Both are archived, hence 2 dataverse URLs. ~ag. Seperate Metadata: https://www.epa.gov/chemical-data-reporting/summary-cdr-reporting-requirements-year, https://www.epa.gov/chemical-data-reporting/downloadable-2006-iur-public-database",,,,,,,,,,,,,,,,,,,,,,,,,,,,,,
EPA,Inflation Reduction Act Disadvantaged Communities Map,EPA,Environmental Protection Agency,,https://www.arcgis.com/home/webmap/viewer.html?url=https://geopub.epa.gov/arcgis/rest/services/ejscreen/environmental_climate_justice_program/MapServer&source=sd,Harvard/BU CAFE,ZP,5/7/2026,All Archiving Done,,Yes,https://dataverse.harvard.edu/dataset.xhtml?persistentId=doi:10.7910/DVN/FMKBXS ;  https://zenodo.org/records/14833639 ,"Shapefile,ZIP,PDF,HTML",,1.4,GB,1/27/2025,https://www.epa.gov/environmentaljustice/inflation-reduction-act-disadvantaged-communities-map; data download here: https://gaftp.epa.gov/EPA_IRA_Public/,,,,,,,,,,,,,,,,,,,,,,,,,,,,,,
CDC,The effects of diesel exhaust inhalation on cardiovascular function,DHHS - CDC - NIOSH,Department of Health and Human Services,Centers for Disease Control and Prevention - National Institute for Occupational Safety and Health,https://data.cdc.gov/National-Institute-for-Occupational-Safety-and-Hea/The-effects-of-diesel-exhaust-inhalation-on-cardio/jgkt-w9bh/about_data,Harvard/BU CAFE,AM,4/23/2026,All Archiving Done,,Yes,https://dataverse.harvard.edu/dataset.xhtml?persistentId=doi:10.7910/DVN/FUKBBK,"CSV, PDF",,8.1,MB,5/6/2025,342 KB compressed,,,,,,,,,,,,,,,,,,,,,,,,,,,,,,
EPA,GHG Emission Factors Hub,EPA,Environmental Protection Agency,,https://www.epa.gov/climateleadership/ghg-emission-factors-hub,Harvard/BU CAFE,EC,5/7/2026,All Archiving Done,,Yes,https://dataverse.harvard.edu/dataset.xhtml?persistentId=doi:10.7910/DVN/GCUA0N,"XLSX,PDF,HTML",,74,MB,2/14/2025,,,,,,,,,,,,,,,,,,,,,,,,,,,,,,,
DHHS,"National Health Service Corps (NHSC), Nurse Corps, and Substance Use Disorder Treatment and Recovery (STAR) and other Programs",DHHS - HRSA,Department of Health and Human Services,Health Resources and Services Administration,https://data.hrsa.gov/data/download,Harvard/BU CAFE,SN,5/6/2026,All Archiving Done,,Yes,https://dataverse.harvard.edu/dataset.xhtml?persistentId=doi:10.7910/DVN/HS0WOW,XLSX,,1,MB,,"The dataset exists in a dropdown menu on a webpage with other datasets. Suggest printing PDF of the full page for context, but uploading each section seperately. ",,,,,,,,,,,,,,,,,,,,,,,,,,,,,,
EPA,Greenhouse Gas Reporting System (GHGRP) Frequently Requested Datasets,EPA,Environmental Protection Agency,,https://www.epa.gov/ghgreporting/data-sets,Harvard/BU CAFE,eag / eannegunn@gmail.com,5/7/2026,All Archiving Done,,Yes,https://dataverse.harvard.edu/dataset.xhtml?persistentId=doi:10.7910/DVN/J5TMCS,various,,51.8,MB,2/14/2025,,,,,,,,,,,,,,,,,,,,,,,,,,,,,,,
DHHS,Health Professions Training Programs,DHHS - HRSA,Department of Health and Human Services,Health Resources and Services Administration,https://data.hrsa.gov/data/download,Harvard/BU CAFE,JP,4/24/2026,All Archiving Done,,Yes,https://dataverse.harvard.edu/dataset.xhtml?persistentId=doi:10.7910/DVN/LKKW3O,XLSX,,1,MB,,"Less than 1MB.  The dataset exists in a dropdown menu on a webpage with other datasets. Suggest printing PDF of the full page for context, but uploading each section seperately. ",,,,,,,,,,,,,,,,,,,,,,,,,,,,,,
EPA,ECOTOXicology Knowledgebase (ECOTOX),EPA,Environmental Protection Agency,,https://cfpub.epa.gov/ecotox/index.cfm,Harvard/BU CAFE,ZP,5/7/2026,All Archiving Done,,Yes,https://dataverse.harvard.edu/dataset.xhtml?persistentId=doi:10.7910/DVN/LTVQUK,.exe,,950,MB,,easy ASCII download. Seperate Metadata: https://epa.figshare.com/articles/online_resource/ECOTOX_5_6_User_Guide/26764645?file=48991039,,,,,,,,,,,,,,,,,,,,,,,,,,,,,,
USDA,Food Security in the U.S. - Key Statistics & Graphics,USDA,Department of Agriculture,,https://www.ers.usda.gov/topics/food-nutrition-assistance/food-security-in-the-us/key-statistics-graphics,Harvard/BU CAFE,AJ,6/12/2026,All Archiving Done,,,https://dataverse.harvard.edu/dataset.xhtml?persistentId=doi:10.7910/DVN/LVLRJ0,"XLSX, PDF",,,,,"Additional links to expansive publications included; Dataverse upload attempt failed 3/28/25, will revisit. -AJ",,,,,,,,,,,,,,,,,,,,,,,,,,,,,,
NOAA,Marine Mammal Stock Assessment Reports by Species/Stock,DOC - NOAA,Department of Commerce,National Oceanic and Atmospheric Administration,https://www.fisheries.noaa.gov/national/marine-mammal-protection/marine-mammal-stock-assessment-reports-species-stock#marine-mammals-under-the-jurisdiction-of-us-fish-and-wildlife-service%C2%A0manatees-polar-bears-sea-otters-and-walruses,Harvard/BU CAFE,eannegunn@gmail.com,5/8/2026,All Archiving Done,Needs scripting,Yes,https://dataverse.harvard.edu/dataset.xhtml?persistentId=doi:10.7910/DVN/MDNKX7,,,728,MB,,,,,,,,,,,,,,,,,,,,,,,,,,,,,,,,
EPA,PPIS Information and Report Samples,EPA,Environmental Protection Agency,,https://www.epa.gov/ingredients-used-pesticide-products/ppis-information-and-report-samples,Harvard/BU CAFE,NT,5/7/2026,All Archiving Done,,Yes,https://dataverse.harvard.edu/dataset.xhtml?persistentId=doi:10.7910/DVN/MM78QJ,,,66.9,MB,3/2/2025,Seperate Metadata: https://www.epa.gov/ingredients-used-pesticide-products/pesticide-product-information-system-ppis,,,,,,,,,,,,,,,,,,,,,,,,,,,,,,
DOE,Energy Justice Dashboard,DOE,Department of Energy,,https://www.energy.gov/justice/energy-justice-dashboard-beta,EDGI,WF,5/6/2026,"All Archiving Done, Removed",,Yes,"https://dataverse.harvard.edu/dataset.xhtml?persistentId=doi:10.7910/DVN/MWAKOZ 
https://doi.org/10.5281/zenodo.14774725 ",XLSX,,5.4,MB,3/2/2025,Downloadable data. The data describes both active and completed contracts with US primary places of performance that were awarded as early as FY19. This data is subject to change and is for general informational purposes only. No apparent seperate metadata. ,,,,,,,,,,,,,,,,,,,,,,,,,,,,,,
DHHS,Area Health Resources Files,DHHS - HRSA,Department of Health and Human Services,Health Resources and Services Administration,https://data.hrsa.gov/data/download,Harvard/BU CAFE,AC,4/24/2026,All Archiving Done,,Yes,https://dataverse.harvard.edu/dataset.xhtml?persistentId=doi:10.7910/DVN/MWNGDP,"CSV, SAS, XLSX",,183.1,MB,,"The dataset exists in a dropdown menu on a webpage with other datasets. Suggest printing PDF of the full page for context, but uploading each section seperately. ",,,,,,,,,,,,,,,,,,,,,,,,,,,,,,
EPA,Energy Savings and Impacts Scenario Tool (ESIST),EPA,Environmental Protection Agency,,https://www.epa.gov/statelocalenergy/energy-savings-and-impacts-scenario-tool-esist,Harvard/BU CAFE,KH,5/7/2026,All Archiving Done,,Yes,https://dataverse.harvard.edu/dataset.xhtml?persistentId=doi:10.7910/DVN/OCSLGR,XLSM,,51.5,MB,,https://www.epa.gov/statelocalenergy,,,,,,,,,,,,,,,,,,,,,,,,,,,,,,
DOE,Alternative Fuels Data Center - data,DOE - OEERE,Department of Energy,Office of Energy Efficiency and Renewable Energy,https://afdc.energy.gov/data,,,5/6/2026,"All Archiving Done, Removed",,Yes,https://dataverse.harvard.edu/dataset.xhtml?persistentId=doi:10.7910/DVN/OTUHRM,,,12.8,MB,,"data list -- 119 entries of maps and datasets; 4/11 - whole page was submitted so name was changed from ""Maps and Data - Average Fuel Economy by Major Vehicle Category"" to current.  [10/1/25 - if this is the data then it's finished, but if its the tool then that's still needed - NJY]",,,,,,,,,,,,,,,,,,,,,,,,,,,,,,
EPA,EJScreen Data,EPA - OEJ,Environmental Protection Agency,Office of Environmental Justice,https://www.epa.gov/ejscreen/technical-information-and-data-downloads,EDGI,Dylan Carlson Sirvent León,5/7/2026,"All Archiving Done, Partially Assigned (Need 1+ Tasks)",NO scripting needed,Yes,https://dataverse.harvard.edu/dataset.xhtml?persistentId=doi:10.7910/DVN/RLR5AX,,,7,GB,,Esri has data backed up. Seperate metadata:l https://www.epa.gov/ejscreen/technical-information-and-data-downloads,,,,,,,,,,,,,,,,,,,,,,,,,,,,,,
DHHS,Health Center Service Delivery and Look-Alike Sites,DHHS - HRSA,Department of Health and Human Services,Health Resources and Services Administration,https://data.hrsa.gov/data/download,Harvard/BU CAFE,JP,4/24/2026,All Archiving Done,,Yes,https://dataverse.harvard.edu/dataset.xhtml?persistentId=doi:10.7910/DVN/RT7CIO,"XLSX, CSV",,13,MB,,"The dataset exists in a dropdown menu on a webpage with other datasets. Suggest printing PDF of the full page for context, but uploading each section seperately. ",,,,,,,,,,,,,,,,,,,,,,,,,,,,,,
EPA,Civil and Cleanup Enforcement Cases and Settlements,EPA - Enforcement,Environmental Protection Agency,Enforcement,https://www.epa.gov/enforcement/civil-and-cleanup-enforcement-cases-and-settlements,Harvard/BU CAFE,KS,5/7/2026,All Archiving Done,,Yes,https://dataverse.harvard.edu/dataset.xhtml?persistentId=doi:10.7910/DVN/SCXRY0,,,415.4,MB,,"When trying to understand and profile chemical producers, it is important to know their compliance history. Was bloacked on 2/14, but appears as of 2/21. Seperate metadata: https://www.epa.gov/enforcement/civil-and-cleanup-enforcement-cases-and-settlements",,,,,,,,,,,,,,,,,,,,,,,,,,,,,,
EPA,"Recommendations of Specifications, Standards, and Ecolabels for Federal Purchasing",EPA,Environmental Protection Agency,,https://www.epa.gov/greenerproducts/recommendations-specifications-standards-and-ecolabels-federal-purchasing,Harvard/BU CAFE,NH,5/7/2026,All Archiving Done,,Yes,https://dataverse.harvard.edu/dataset.xhtml?persistentId=doi:10.7910/DVN/SVFLBO,,,3.4,MB,,,,,,,,,,,,,,,,,,,,,,,,,,,,,,,,
USGS,Estimated Annual Agricultural Pesticide Use,DOI - USGS,Department of the Interior,US Geological Survey,https://water.usgs.gov/nawqa/pnsp/usage/maps/county-level/,Harvard/BU CAFE,NH,5/8/2026,All Archiving Done,,Yes,https://dataverse.harvard.edu/dataset.xhtml?persistentId=doi:10.7910/DVN/UBTIA5,.txt .pdf .zip,,392,MB,,"Did not back up map data, assume that maps are generated from the other data tables. Mapping Methods: https://water.usgs.gov/nawqa/pnsp/usage/maps/about.php small",,,,,,,,,,,,,,,,,,,,,,,,,,,,,,
EPA,EnviroFacts,EPA,Environmental Protection Agency,,https://enviro.epa.gov/,Harvard/BU CAFE,RM,5/7/2026,All Archiving Done,,Yes,https://dataverse.harvard.edu/dataset.xhtml?persistentId=doi:10.7910/DVN/UF25GG,,,3.1,GB,,,,,,,,,,,,,,,,,,,,,,,,,,,,,,,,
FEMA,National Resilience Guidance,DHS - FEMA,Department of Homeland Security,Federal Emergency Management Agency,https://www.fema.gov/emergency-managers/national-preparedness/plan/resilience-guidance,Harvard/BU CAFE,NH,5/8/2026,All Archiving Done,,Yes,https://dataverse.harvard.edu/dataset.xhtml?persistentId=doi:10.7910/DVN/UTTRM8,,,18,MB,,,,,,,,,,,,,,,,,,,,,,,,,,,,,,,,
FEMA,OpenFEMA,DHS - FEMA,Department of Homeland Security,Federal Emergency Management Agency,https://www.fema.gov/about/reports-and-data/openfema,Harvard/BU CAFE,ZP,5/8/2026,All Archiving Done,,Yes,https://dataverse.harvard.edu/dataset.xhtml?persistentId=doi:10.7910/DVN/V2K80T,"JSON, CSV (Most datasets can be accessed through API)",,89,MB,,"FEMA’s data delivery platform which provides datasets to the public in open, industry standard, machine-readable formats. Sperate metadata, accessed through API.",,,,,,,,,,,,,,,,,,,,,,,,,,,,,,
CDC,"Trends in Worker Hearing Loss by Industry Sector, 1981-2010",DHHS - CDC - NIOSH,Department of Health and Human Services,Centers for Disease Control and Prevention - National Institute for Occupational Safety and Health,https://data.cdc.gov/National-Institute-for-Occupational-Safety-and-Hea/Trends-in-Worker-Hearing-Loss-by-Industry-Sector-1/c294-dri5/about_data,Harvard/BU CAFE,JP,4/23/2026,All Archiving Done,,Yes,https://dataverse.harvard.edu/dataset.xhtml?persistentId=doi:10.7910/DVN/VWHAVW,,,660.9,MB,6/20/2025,,,,,,,,,,,,,,,,,,,,,,,,,,,,,,,
DHHS,Ryan White HIV/AIDS Program,DHHS - HRSA,Department of Health and Human Services,Health Resources and Services Administration,https://data.hrsa.gov/data/download,Harvard/BU CAFE,JK,5/6/2026,All Archiving Done,,Yes,https://dataverse.harvard.edu/dataset.xhtml?persistentId=doi:10.7910/DVN/XCKYF0,"XLSX, CSV",,3.2,MB,4/30/2025,"The dataset exists in a dropdown menu on a webpage with other datasets. Suggest printing PDF of the full page for context, but uploading each section seperately. ",,,,,,,,,,,,,,,,,,,,,,,,,,,,,,
EPA,SC-GHG Calculator,EPA,Environmental Protection Agency,,https://www.epa.gov/system/files/documents/2024-11/epa-sc-ghg-workbook_1.0.2.xlsx,Harvard/BU CAFE,PS,5/8/2026,All Archiving Done,,Yes,https://dataverse.harvard.edu/dataset.xhtml?persistentId=doi:10.7910/DVN/YC4WLC,XLSX,,16.9,MB,,2/28 Datathon - Calculator links to proceedings pursuant to a rulemaking docket.  These documents also included in the upload to Dataverse.,,,,,,,,,,,,,,,,,,,,,,,,,,,,,,
CDC,Prevalence of Pneumoconiosis and its Relationship to Dust Exposure in a Cohort of U.S. Bituminous Coal Miners and ex-Miners,DHHS - CDC - NIOSH,Department of Health and Human Services,Centers for Disease Control and Prevention - National Institute for Occupational Safety and Health,https://data.cdc.gov/National-Institute-for-Occupational-Safety-and-Hea/Prevalence-of-Pneumoconiosis-and-its-Relationship-/rv55-x8ff/about_data,Harvard/BU CAFE,AC,4/23/2026,All Archiving Done,,Yes,https://dataverse.harvard.edu/dataset.xhtml?persistentId=doi:10.7910/DVN/YDTJRW,,,3.7,MB,6/1/2025,,,,,,,,,,,,,,,,,,,,,,,,,,,,,,,
DOE,Low-Income Energy Affordability Data Input Data,DOE,Department of Energy,,https://www.energy.gov/indianenergy/low-income-energy-affordability-data-lead-tool,Catalyst Cooperative,ZS / EB,5/7/2026,"All Archiving Done, Removed",,Yes,"https://dataverse.harvard.edu/dataset.xhtml?persistentId=doi:10.7910/DVN/ZDV0KN
https://zenodo.org/records/14758685","JSON,PDF,ZIP",,17.8,GB,1/28/2025,"This is a line item to archive the data, not the tool. https://www.energy.gov/sites/default/files/2024-07/lead-tool-factsheet_072624.pdf .  [Line said ""721 GB"" but the main zip files and extracted at the root only amount to 6.34 GB.  Within each extracted zip folder are numerous additional zip files. Zenodo downloads amounts to 17.8 GB. - NJY]",,,,,,,,,,,,,,,,,,,,,,,,,,,,,,
EPA,Landfill Methane Outreach Program (LMOP),EPA,Environmental Protection Agency,,https://www.epa.gov/lmop/lmop-landfill-and-project-database#access,Harvard/BU CAFE,SS,,All Archiving Done,,Yes,https://dataverse.harvard.edu/dataset.xhtml?persistentId=doi:10.7910/DVN/ZVECYR,XLSX,,15.7,MB,2/28/2025,https://www.epa.gov/lmop,,,,,,,,,,,,,,,,,,,,,,,,,,,,,,
EPA,Biennial Hazardous Waste Report (EPA),EPA,Environmental Protection Agency,,https://www.epa.gov/hwgenerators/biennial-hazardous-waste-report,,SS,8/12/2026,All Archiving Done,NO scripting needed,,https://dataverse.harvard.edu/dataset.xhtml?persistentId=doi%3A10.7910%2FDVN%2F3CWQHI&version=DRAFTpersistentId=doi%3A10.7910%2FDVN%2FLK4MWH&version=DRAFT ,,,3.4,GB,,"Each reporting cycle is available as a static ZIP or XLS dataset on EPA’s site. No authentication or dynamic API required. Manual download from listed year pages is sufficient, though volume makes it moderately complex.",,,,,,,,,,,,,,,,,,,,,,,,,,,,,,
NREL,Alternative Fueling Station Locator,DOE - NREL,Department of Energy,National Renewal Energy Laboratory,https://afdc.energy.gov/stations#/analyze; https://developer.nrel.gov/docs/transportation/alt-fuel-stations-v1/,,Yuwa Edomwande,6/12/2026,All Archiving Done,,,https://dataverse.harvard.edu/dataset.xhtml?persistentId=doi%3A10.7910%2FDVN%2F9UNXFY,CSV,,38,MB,,"downloaded the station data using advanced filters section of the tool. Filters chosen: US and Canada; Access: public and private; status: available, planned, temporarily unavailable; vehicle accessibility: All; Owner: All; Payment: All. ",,,,,,,,,,,,,,,,,,,,,,,,,,,,,,
DHHS,Workforce Projections,DHHS - HRSA,Department of Health and Human Services,Health Resources and Services Administration,https://data.hrsa.gov/data/download,Harvard/BU CAFE,MK,8/13/2025,All Archiving Done,,Yes,https://dataverse.harvard.edu/dataset.xhtml?persistentId=doi%3A10.7910%2FDVN%2FALFWCE,XLSX,,5.4,MB,4/17/2025,"The dataset exists in a dropdown menu on a webpage with other datasets. Suggest printing PDF of the full page for context, but uploading each section seperately. ",,,,,,,,,,,,,,,,,,,,,,,,,,,,,,
PHMSA,Enforcement Information for Specific Operators,DOT - PHMSA,Department of Transportation,Pipeline and Hazardous Materials Safety Administration,https://primis.phmsa.dot.gov/enforcement-data/operators,Harvard/BU CAFE,BW,,All Archiving Done,,Yes,https://dataverse.harvard.edu/dataset.xhtml?persistentId=doi%3A10.7910%2FDVN%2FBPBKVF,TXT,,4,MB,,This is just a filtering mechanism for the raw data available on the homepage: https://primis.phmsa.dot.gov/enforcement-data/. There are other data sources here that could use their own entries.  Seperate Metadata: https://primis.phmsa.dot.gov/enforcement-data/                                                                     ,,,,,,,,,,,,,,,,,,,,,,,,,,,,,,
EPA,"National Rivers & Streams Assessment: The Third Collaborative Survey
",EPA,Environmental Protection Agency,,https://riverstreamassessment.epa.gov/webreport/,Harvard/BU CAFE,AC,5/8/2026,All Archiving Done,,Yes,https://dataverse.harvard.edu/dataset.xhtml?persistentId=doi%3A10.7910%2FDVN%2FCEEIPA,CSV,,176,MB,,"The two US EPA National Rivers & Streams Assessment 2018-19 likely have the same data behind them, yet are presented in different formats. It might be that the Dashboard has more access to the data (maybe even in data formats) compared to the elegant web report.; 2/18 Datathon - Does not include any related Dashboards. [Size is for unzipped files - NJY]",,,,,,,,,,,,,,,,,,,,,,,,,,,,,,
EPA,"Outdoor Air Quality Data, Pre-generated Files",EPA,Environmental Protection Agency,,https://www.epa.gov/outdoor-air-quality-data,Harvard/BU CAFE,eag / eannegunn@gmail.com,5/7/2026,All Archiving Done,,,https://dataverse.harvard.edu/dataset.xhtml?persistentId=doi%3A10.7910%2FDVN%2FD2W39C,,,25,GB,,"3/5 ~ag update: I'm finishing the data file uploads now. Should have descriptive files, pdfs, etc uploaded by end of day today. 3/4 update: I have the files all downloaded but am struggling to get them all uploaded to the dataverse. 2/28 Datathon ~ag 2025-03-01, Downloadable data is on: https://aqs.epa.gov/aqsweb/airdata/download_files.html#Meta, look for the file that lists all downloadable files. ",,,,,,,,,,,,,,,,,,,,,,,,,,,,,,
DHHS,BHW Program Applicant and Award Data,DHHS - HRSA,Department of Health and Human Services,Health Resources and Services Administration,https://data.hrsa.gov/data/download,Harvard/BU CAFE,SH,4/24/2026,All Archiving Done,,Yes,https://dataverse.harvard.edu/dataset.xhtml?persistentId=doi%3A10.7910%2FDVN%2FFRAGKR&version=DRAFT,XLSX,,3.4,MB,,"The dataset exists in a dropdown menu on a webpage with other datasets. Suggest printing PDF of the full page for context, but uploading each section seperately. ",,,,,,,,,,,,,,,,,,,,,,,,,,,,,,
NOAA,Marine Mammal Stock Assessment Reports by Species/Stock,DOC - NOAA,Department of Commerce,National Oceanic and Atmospheric Administration,https://www.fisheries.noaa.gov/national/marine-mammal-protection/marine-mammal-stock-assessment-reports-region,Harvard/BU CAFE,eannegunn@gmail.com,5/8/2026,All Archiving Done,Needs scripting,Yes,https://dataverse.harvard.edu/dataset.xhtml?persistentId=doi%3A10.7910%2FDVN%2FMDNKX7,,,728,MB,,This row ended up being two separate datasets. One for reports on populations by species and one for reports on populations by region.,,,,,,,,,,,,,,,,,,,,,,,,,,,,,,
NOAA,Marine Mammal Stock Assessment Reports by Region,DOC - NOAA,Department of Commerce,National Oceanic and Atmospheric Administration,https://www.fisheries.noaa.gov/national/marine-mammal-protection/marine-mammal-stock-assessment-reports-region,Harvard/BU CAFE,eannegunn@gmail.com,5/8/2026,All Archiving Done,Needs scripting,Yes,https://dataverse.harvard.edu/dataset.xhtml?persistentId=doi:10.7910/DVN/LBEFI8,,,876,MB,,This row ended up being two separate datasets. One for reports on populations by species and one for reports on populations by region.,,,,,,,,,,,,,,,,,,,,,,,,,,,,,,
FEMA,Flood Risk and Endangered Species Habitat (FRESH) Map,DHS - FEMA,Department of Homeland Security,Federal Emergency Management Agency,https://fema.maps.arcgis.com/apps/webappviewer/index.html?id=c01581a28192417b90b7898ebc323c5c,Harvard/BU CAFE,ER,5/8/2026,All Archiving Done,,Yes,https://dataverse.harvard.edu/dataset.xhtml?persistentId=doi%3A10.7910%2FDVN%2FMJYYZP,,,154,MB,,Allows communities participating in the Community Rating System to visualize the ranges and designated critical habitats of species listed as threatened and endangered under the Endangered Species Act (ESA) in their area,,,,,,,,,,,,,,,,,,,,,,,,,,,,,,
NOAA,Climate and Health Assessment,DOC - NOAA - USGCRP,Department of Commerce,National Oceanic and Atmospheric Administration - US Global Change Research Program,https://health2016.globalchange.gov/extreme-events,Harvard/BU CAFE,K,5/8/2026,"All Archiving Done, Removed",,Yes,https://dataverse.harvard.edu/dataset.xhtml?persistentId=doi%3A10.7910%2FDVN%2FROO21Z,"PDF, RIS, PPTX, PNG",,384,MB,,"This is a written report, consisting of PDFs, figures, and citation files. There is a full text PDF and also PDFs split into each chapter. The references ENLX download fails, but the full text does contain citations already. Additionally, this row previously referred to chapter 4 Extreme Events only; however I have renamed the database name in column C & saved the full report and all components.",,,,,,,,,,,,,,,,,,,,,,,,,,,,,,
EPA,Inventory of U.S. Greenhouse Gas Emissions and Sinks,EPA,Environmental Protection Agency,,https://www.epa.gov/ghgemissions/inventory-us-greenhouse-gas-emissions-and-sinks-1990-2022,Harvard/BU CAFE,NJY / naomi.yoder@envirodatagov.org,5/7/2026,All Archiving Done,,Yes,https://dataverse.harvard.edu/dataset.xhtml?persistentId=doi%3A10.7910%2FDVN%2FTQG6RR,"PDF, CSV",,412,MB,2/20/2025,PDF documents and related tabls,,,,,,,,,,,,,,,,,,,,,,,,,,,,,,
NOAA,Billion Dollar Disasters,DOC - NOAA,Department of Commerce,National Oceanic and Atmospheric Administration,https://www.ncei.noaa.gov/access/billions/,Harvard/BU CAFE,eag / eannegunn@gmail.edu,5/8/2026,All Archiving Done,,Yes,https://dataverse.harvard.edu/dataset.xhtml?persistentId=doi%3A10.7910%2FDVN%2FWFMZWP,"reports, web app, some data",,155,MB,,Waiting for 2024 update,,,,,,,,,,,,,,,,,,,,,,,,,,,,,,
EPA,Waste Reduction Model (WARM),EPA,Environmental Protection Agency,,https://www.epa.gov/warm/versions-waste-reduction-model#v16,Harvard/BU CAFE,RM,5/8/2026,All Archiving Done,,Yes,https://dataverse.harvard.edu/dataset.xhtml?persistentId=doi%3A10.7910%2FDVN%2FWRRNJS,xls,,338,MB,,https://www.epa.gov/warm  [Size is for unzipped files - NJY],,,,,,,,,,,,,,,,,,,,,,,,,,,,,,
EPA,Pesticide Incident Data System (IDS),EPA - ORD,Environmental Protection Agency,Office of Research and Development,https://ordspub.epa.gov/ords/pesticides/f?p=359:1,Harvard/BU CAFE,HM,5/7/2026,All Archiving Done,,Yes,https://dataverse.harvard.edu/dataset.xhtml?persistentId=doi%3A10.7910%2FDVN%2FX9E5LC,,,29,MB,2/14/2025,"8/14: Removed one duplicate linking to the same data backup.; This entry is a triplicate. Search by URL and for https://ordspub.epa.gov/ords/pesticides/f?p=IDS:1 (same resource, different URL). The other entries have different data. can search individual events and in aggregate. Seperate Metadata: https://www3.epa.gov/pesticides/ids/IDS_Website_User_Guide.pdf",,,,,,,,,,,,,,,,,,,,,,,,,,,,,,
DOT,Railroad Equipment Accident/Incident Source Data (Form 54),DOT,Department of Transportation,,https://data.transportation.gov/Railroads/Railroad-Equipment-Accident-Incident-Source-Data-F/aqxq-n5hy/about_data,Harvard/BU CAFE,eag / eannegunn@gmail.com,5/7/2026,All Archiving Done,,Yes,https://dataverse.harvard.edu/dataset.xhtml?persistentId=doi%3A10.7910%2FDVN%2FYWMGND,"ZIP,PDF,CSV",,384,MB,3/25/2025,Seperate Metadata: https://data.transportation.gov/Railroads/Railroad-Equipment-Accident-Incident-Source-Data-F/aqxq-n5hy/about_data,,,,,,,,,,,,,,,,,,,,,,,,,,,,,,
EPA,Climate Resilience Evaluation and Awareness Tool (CREAT),EPA,Environmental Protection Agency,,https://epa.maps.arcgis.com/apps/MapSeries/index.html?appid=3805293158d54846a29f750d63c6890e,Harvard/BU CAFE,ZP,5/7/2026,All Archiving Done,,Yes,https://dataverse.harvard.edu/dataset.xhtml?persistentId=doi%3A10.7910%2FDVN%2FZ7J2EA&version=1.0,,,27.3,MB,,data download: https://www.epa.gov/crwu/access-data-creating-resilient-water-utilities. Seperate Metadata: https://www.epa.gov/crwu/climate-resilience-evaluation-and-awareness-tool-creat-methodology-guide,,,,,,,,,,,,,,,,,,,,,,,,,,,,,,
EIA,Annual Energy Outlook,DOE - EIA,Department of Energy,Energy Information Administration,https://www.eia.gov/outlooks/aeo/data/browser/,Catalyst Cooperative,ZS / EB,5/7/2026,All Archiving Done,,Yes,https://doi.org/10.5281/zenodo.10838487,"XLSX,ZIP",,477,MB,3/19/2025,dataset size says 6.7 GB but Zenodo download says 476.6 MB (i assume the GB number is for the unzipped versions) - NJY,,,,,,,,,,,,,,,,,,,,,,,,,,,,,,
NREL,Annual Technology Baseline,DOE - NREL,Department of Energy,National Renewable Energy Laboratory,https://atb.nrel.gov/,Catalyst Cooperative,ZS / EB,5/8/2026,All Archiving Done,,Yes,https://doi.org/10.5281/zenodo.10839267,"parquet, xlsx",,407.1,MB,7/1/2025,,,,,,,,,,,,,,,,,,,,,,,,,,,,,,,
USGS,US PV Database,DOI - USGS,Department of the Interior,US Geological Survey,"https://eerscmap.usgs.gov/uspvdb/data/, https://energy.usgs.gov/uspvdb/data/",Catalyst Cooperative,ZS / EB,8/13/2025,All Archiving Done,,Yes,https://doi.org/10.5281/zenodo.14736285,,,9,MB,7/1/2025,"updated annually with 1-2 year lag, including the boundaries of the installed solar farms and some project-level attributes.",,,,,,,,,,,,,,,,,,,,,,,,,,,,,,
EIA,Manufacturing Energy Consumption Survey (MECS),DOE - EIA,Department of Energy,Energy Information Administration,https://www.eia.gov/consumption/manufacturing/data/2018/#r13,Catalyst Cooperative,ZS / EB,5/7/2026,All Archiving Done,,Yes,https://doi.org/10.5281/zenodo.14749819,"ZIP,JSON",,34,MB,1/27/2025,dataset size says .175 GB but Zenodo download says 34 MB (i assume the GB number is for the unzipped versions) - NJY,,,,,,,,,,,,,,,,,,,,,,,,,,,,,,
EPA,Priority Climate Action Plan (PCAP) Directory,EPA,Environmental Protection Agency,,https://www.epa.gov/inflation-reduction-act/priority-climate-action-plan-directory,Catalyst Cooperative,ZS / EB,5/7/2026,All Archiving Done,,Yes,https://doi.org/10.5281/zenodo.14757598,"JSON,ZIP",,1.1,GB,4/1/2025,Spreadsheet lists Dataset Size as 25.3 GB; Zenodo says 1.1 GB - NJY,,,,,,,,,,,,,,,,,,,,,,,,,,,,,,
EIA,National Energy Modeling System (NEMS) input data,DOE - EIA,Department of Energy,Energy Information Administration,https://github.com/EIAgov/NEMS/tree/main/input/emm/emm_db,Catalyst Cooperative,ZS / EB,5/7/2026,All Archiving Done,,Yes,https://doi.org/10.5281/zenodo.14767206,"ZIP,JSON",,146,MB,1/29/2025,Input data to NEMS model. lots of granular real and imputed data [dataset size says 2.3 GB but Zenodo download says 146 MB (i assume the GB number is for the unzipped versions) - NJY[,,,,,,,,,,,,,,,,,,,,,,,,,,,,,,
EPA,Emissions & Generation Resource Integrated Database (eGRID),EPA,Environmental Protection Agency,,https://www.epa.gov/egrid/download-data,Catalyst Cooperative,ZS / EB,5/7/2026,All Archiving Done,,Yes,https://doi.org/10.5281/zenodo.14767235,XLSX,,300,MB,4/1/2025,Also historical data. Seperate Metadata: https://www.epa.gov/system/files/documents/2024-01/egrid2022_technical_guide.pdf.  [Dataset size was listed as 6.3 GB but zenodo lists download as 300 MB - NJY],,,,,,,,,,,,,,,,,,,,,,,,,,,,,,
EIA,Commercial Buildings Energy Consumption Survey (CBECS),DOE - EIA,Department of Energy,Energy Information Administration,https://www.eia.gov/consumption/commercial/data/2018/,Catalyst Cooperative,ZS / EB,5/7/2026,All Archiving Done,,Yes,https://doi.org/10.5281/zenodo.14782473,"XLSX,JSON,ZIP",,267,MB,3/19/2025,dataset size says 6.5 GB but Zenodo download says 267 MB (i assume the GB number is for the unzipped versions) - NJY,,,,,,,,,,,,,,,,,,,,,,,,,,,,,,
NREL,Electrification Futures Studies (EFS),DOE - NREL,Department of Energy,National Renewable Energy Laboratory,https://www.nrel.gov/analysis/electrification-futures.html,Catalyst Cooperative,ZS / EB,5/8/2026,All Archiving Done,,Yes,https://doi.org/10.5281/zenodo.14782873,"mixed: zips, pdfs",,7.5,GB,,,,,,,,,,,,,,,,,,,,,,,,,,,,,,,,
NREL,Sharing the Sun Community Solar Project Data,DOE - NREL,Department of Energy,National Renewable Energy Laboratory,https://data.nrel.gov/submissions/244,Catalyst Cooperative,ZS / EB,8/13/2025,All Archiving Done,,Yes,https://doi.org/10.5281/zenodo.14783182,"xlsx, pdf",,16,MB,,,,,,,,,,,,,,,,,,,,,,,,,,,,,,,,
NREL,ReEDS Scenario Viewer and Data Downloader,DOE - NREL,Department of Energy,National Renewable Energy Laboratory,https://scenarioviewer.nrel.gov/,Catalyst Cooperative,ZS / EB,5/8/2026,All Archiving Done,,Yes,https://doi.org/10.5281/zenodo.14783184,zip files,,179,MB,,"Standard scenarios archived. Cambrium scenarios in process of being archived. Underlying data only, tool not archived. EFS data archived separately here: https://zenodo.org/records/14782874",,,,,,,,,,,,,,,,,,,,,,,,,,,,,,
USGS,U.S. Wind Turbine Database,DOI - USGS,Department of the Interior,US Geological Survey,https://energy.usgs.gov/uswtdb/data/,Catalyst Cooperative,ZS / EB,5/8/2026,All Archiving Done,,Yes,https://doi.org/10.5281/zenodo.14783214,"shapefile, csv",,141,MB,7/1/2025,"updated quarterly, with ~1 quarter lag, including individual wind turbine coordinates, and some turbine-level metadata (capacity, manufacturer, install date, height, etc.) *Esri already has a live backup of this running. Metadata:https://energy.usgs.gov/uswtdb/assets/data/uswtdb_v7_2_20241120.xml",,,,,,,,,,,,,,,,,,,,,,,,,,,,,,
EIA,RECS,DOE - EIA,Department of Energy,Energy Information Administration,https://www.eia.gov/consumption/residential/data/2020/,Catalyst Cooperative,ZS / EB,5/7/2026,All Archiving Done,,Yes,https://doi.org/10.5281/zenodo.14783267,XLSX,,290,MB,,,,,,,,,,,,,,,,,,,,,,,,,,,,,,,,
EPA,RSEI - Public Release Facility Level,EPA - ORD,Environmental Protection Agency,Office of Research and Development,https://www.epa.gov/rsei,EDGI,Eric Nost,5/8/2026,All Archiving Done,,Yes,https://doi.org/10.5281/zenodo.14799137,,,450,MB,,,,,,,,,,,,,,,,,,,,,,,,,,,,,,,,
DOE,Local Investments Map for Demonstration and Deployment,DOE,Department of Energy,,https://web.archive.org/web/20250121080316/https://www.energy.gov/infrastructure/local-investments-map-demonstration-and-deployment-projects,EDGI,EN,5/7/2026,"All Archiving Done, Removed",,Yes,https://doi.org/10.5281/zenodo.14799206,XLSX,,1,MB,,This tool is widely used by the advocacy community to track the impacts of the IRA and IIJA and how projects funded via those laws are impacting communities. Page(s) are missing as of 11 Mar 2025. Not seeing this URL in the wayback machine either. Metadata: https://www.energy.gov/sites/default/files/2024-11/DOE%20Local%20Investments%20DD%20Data%20Documentation%20-%20Nov%202024.pdf ,,,,,,,,,,,,,,,,,,,,,,,,,,,,,,
DOE,Energy Justice Mapping Tool for Schools,DOE - Argonne,Department of Energy,Argonne National Laboratory,https://energyjustice-schools.egs.anl.gov/,Harvard/BU CAFE,EC,5/6/2026,"All Archiving Done, Removed",,Yes,https://doi.org/10.5281/zenodo.14799218,,,200.6,MB,,,,,,,,,,,,,,,,,,,,,,,,,,,,,,,,
EPA,Benefits Risk Assessment Health Impacts Screening and Mapping Tool (COBRA),EPA,Environmental Protection Agency,,https://www.epa.gov/cobra,EDGI,,5/7/2026,All Archiving Done,,Yes,https://doi.org/10.5281/zenodo.14833824,"exe, CSV",,1.4,GB,,Downloadable program. Web based version and models would be hard to replicate. Data and metadata found here: https://www.epa.gov/cobra/cobra-future-input-files. Seperate Metadata: https://www.epa.gov/cobra/cobra-future-input-files [size was listed as 84.4 GB in the spreadsheet; Zenodo only lists 1.4 GB - NJY],,,,,,,,,,,,,,,,,,,,,,,,,,,,,,
EIA,State Energy Data System,DOE - EIA,Department of Energy,Energy Information Administration,https://www.eia.gov/state/seds/seds-data-fuel.php?sid=US#DataFiles,EDGI,NJY / naomi.yoder@envirodatagov.org,5/7/2026,All Archiving Done,,Yes,https://doi.org/10.5281/zenodo.17162944,Excel,,89,MB,,All data files,,,,,,,,,,,,,,,,,,,,,,,,,,,,,,
EPA,National Air Toxics Assessment (NATA),EPA,Environmental Protection Agency,,https://www.epa.gov/national-air-toxics-assessment; 2020 https://www.epa.gov/AirToxScreen/2020-airtoxscreen-assessment-results,EDGI,NJY / naomi.yoder@envirodatagov.org,5/7/2026,All Archiving Done,,Yes,https://doi.org/10.5281/zenodo.17187662,,,8.1,GB,9/23/2025,historical ones here: https://www.epa.gov/AirToxScreen/previous-air-toxics-assessments.  New ones will go in AirToxScreen. NATA 1996 - 2019 already downloaded.  [This record said Dataset Size was 991.3 GB; Zenodo says 8.1 GB - NJY],,,,,,,,,,,,,,,,,,,,,,,,,,,,,,
EIA,State Electricity Profiles,DOE - EIA,Department of Energy,Energy Information Administration,https://www.eia.gov/electricity/state/,EDGI,NJY / naomi.yoder@envirodatagov.org,5/7/2026,All Archiving Done,,Yes,https://doi.org/10.5281/zenodo.17204062,XLSX,,200,MB,9/19/25-9/25/25,All data files,,,,,,,,,,,,,,,,,,,,,,,,,,,,,,
EIA,Form EIA-860,DOE - EIA,Department of Energy,Energy Information Administration,https://www.eia.gov/electricity/data/eia860/,Catalyst Cooperative,ZS / EB,5/7/2026,All Archiving Done,,Yes,https://doi.org/10.5281/zenodo.4127026,"ZIP,JSON, XLSX",,274,MB,7/1/2025,dataset size says 4.2 GB but Zenodo download says 274 MB (i assume the GB number is for the unzipped versions) - NJY,,,,,,,,,,,,,,,,,,,,,,,,,,,,,,
EIA,Form EIA-861,DOE - EIA,Department of Energy,Energy Information Administration,https://www.eia.gov/electricity/data/eia861/,Catalyst Cooperative,ZS / EB,5/7/2026,All Archiving Done,,Yes,https://doi.org/10.5281/zenodo.4127028,"ZIP,JSON, XLSX",,97,MB,7/1/2025,dataset size says .843 GB but Zenodo download says 97 MB (i assume the GB number is for the unzipped versions) - NJY,,,,,,,,,,,,,,,,,,,,,,,,,,,,,,
EIA,Form EIA-923,DOE - EIA,Department of Energy,Energy Information Administration,https://www.eia.gov/electricity/data/eia923/,Catalyst Cooperative,ZS / EB,5/7/2026,All Archiving Done,,Yes,https://doi.org/10.5281/zenodo.4127039,"ZIP,JSON, XLSX",,374,MB,7/1/2025,dataset size says 4.2 GB but Zenodo download says 374 MB (i assume the GB number is for the unzipped versions) - NJY,,,,,,,,,,,,,,,,,,,,,,,,,,,,,,
PHMSA,Pipeline and Hazardous Materials Safety Administration Facilities,DOT - PHMSA,Department of Transportation,Pipeline and Hazardous Materials Safety Administration,https://www.phmsa.dot.gov/data-and-statistics/pipeline/gas-distribution-gas-gathering-gas-transmission-hazardous-liquids,Catalyst Cooperative,ZS / EB,,All Archiving Done,,Yes,https://doi.org/10.5281/zenodo.7683351,"XLSX, CSV",,2.6,GB,4/14/2025,"Size is for unsipped, downloaded data - NJY",,,,,,,,,,,,,,,,,,,,,,,,,,,,,,
DHHS,Mental Health Client-Level Data (MH-CLD),DHHS - SAMHSA,Department of Health and Human Services,Substance Abuse and Mental Health Services Administration,https://www.samhsa.gov/data/data-we-collect/mh-cld-mental-health-client-level-data,,Isabelle Sakelaris,5/6/2026,All Archiving Done,,Yes,https://doi.org/10.7910/DVN/2X7GMN,"CSV, R, SAS, SPSS, Stata",,63.5,MB,,Annual reports and raw data.  [Update - only two files in the archive together add up to 63.5MB - NJY],,,,,,,,,,,,,,,,,,,,,,,,,,,,,,
USDA,Annual Recall Data Summaries,USDA,Department of Agriculture,,https://www.fsis.usda.gov/food-safety/recalls-public-health-alerts/annual-recall-summaries,,AC,5/8/2026,All Archiving Done,,,https://doi.org/10.7910/DVN/8EG2ZP,XLSX,,3,MB,,Multiple years,,,,,,,,,,,,,,,,,,,,,,,,,,,,,,
EPA,"RSEI - Current Version, Aggregated Grid Cell",EPA - ORD,Environmental Protection Agency,Office of Research and Development,https://gaftp.epa.gov/RSEI/Current_Version/V2312_RY2022/Aggregated_Grid_Cell/,EDGI,NJY / naomi.yoder@envirodatagov.org,5/8/2026,All Archiving Done,,Yes,https://doi.org/10.7910/DVN/RXJTDP,,,1.1,GB,7/15/2025,,,,,,,,,,,,,,,,,,,,,,,,,,,,,,,
EPA,Enforcement and Compliance History Online (ECHO),EPA - ORD,Environmental Protection Agency,Office of Research and Development,https://echo.epa.gov/,EDGI,,5/7/2026,All Archiving Done,,Yes,https://doi.org/10.7910/DVN/TUMSLH,"CSV,DOCX,XLSX,tab",,2.2,GB,12/11/2024,EDGI already mirrors this database. Seperate Metadata: https://echo.epa.gov/tools/data-downloads#exporter,,,,,,,,,,,,,,,,,,,,,,,,,,,,,,
EPA,RSEI - Census Crosswalks,EPA - ORD,Environmental Protection Agency,Office of Research and Development,https://gaftp.epa.gov/RSEI/Census_XWalks/,EDGI,NJY / naomi.yoder@envirodatagov.org,5/7/2026,All Archiving Done,,Yes,https://doi.org/10.7910/DVN/V31VGS,,,11.2,GB,,,,,,,,,,,,,,,,,,,,,,,,,,,,,,,,
CEQ,Data from Climate and Economic Justice Screening Tool (CEJST),CEQ,Council on Environmental Quality,,https://screeningtool.geoplatform.gov/en/#3/33.47/-97.5,PEDP Volunteer,DCSL,4/24/2026,"All Archiving Done, Removed",,Yes,https://dataverse.harvard.edu/dataset.xhtml?persistentId=doi:10.7910/DVN/B6ULET,"XLSX, CSV, PDF, Shapefile",,356.8,MB,,https://screeningtool.geoplatform.gov/en/methodology#3/33.47/-97.5; various,,,,,,,,,,,,,,,,,,,,,,,,,,,,,,
EPA,2020 NEI Supporting Data and Summaries,EPA,Environmental Protection Agency,,https://www.epa.gov/air-emissions-inventories/2020-nei-supporting-data-and-summaries,EIP,KK,6/12/2026,All Archiving Done,NO scripting needed,Yes,https://environmentalintegrity.sharepoint.com/:f:/s/SP_Research/EujiWnqwqHpCr5-bQBa2v1AB0OXOIcWlDvkLXDbfRehFxQ?e=9Dxbkc,CSV,,,,,"Historical data, as well",,,,,,,,,,,,,,,,,,,,,,,,,,,,,,
GSA,GSA GItHub 18F Repo,GSA,General Services Administration,,https://github.com/18F,EDGI,,5/8/2026,All Archiving Done,,Yes,https://github.com/18F-clone,GitHub repositories,,n/a,,,,,,,,,,,,,,,,,,,,,,,,,,,,,,,,,
CDC,CDC GitHub organization repositories,DHHS - CDC,Department of Health and Human Services,Centers for Disease Control and Prevention,https://github.com/CDCgov,EDGI,Multiple; Eric Nost,4/23/2026,All Archiving Done,,Yes,https://github.com/CDCgov-clone,GitHub repositories,,55.2,GB,,,,,,,,,,,,,,,,,,,,,,,,,,,,,,,,
DOI,DOI-DO (Departmental Offices) GitHub organization repositories,DOI,Department of the Interior,,https://github.com/DOI-DO,EDGI,Multiple,8/13/2025,All Archiving Done,,Yes,https://github.com/DOI-DO-clone,GitHub repositories,,n/a,,,Contains source for Justice 40 screening tool,,,,,,,,,,,,,,,,,,,,,,,,,,,,,,
EPA,Risk Management Plan Database,EPA,Environmental Protection Agency,,https://cdxapps.epa.gov/olem-rmp-pds/,EDGI,WF,8/27/2025,All Archiving Done,,Yes,https://github.com/edgi-govdata-archiving/epa-risk-management-plans/tree/main/reports,"pdf, csv",,,,,"one step to current RMP, two steps to historic RMPs per facility",,,,,,,,,,,,,,,Data also available here: https://docs.google.com/spreadsheets/d/1l322YXTdWzdXM2BQgzXHQNzdKhF3AvC7Kg783Qhypro,,,,,,,,,,,,,,,
EIA,EIA GitHub organization repositories,DOE - EIA,Department of Energy,Energy Information Administration,https://github.com/EIAgov,EDGI,,5/7/2026,All Archiving Done,,Yes,https://github.com/EIAgov-clone,GitHub repositories,,n/a,,,,,,,,,,,,,,,,,,,,,,,,,,,,,,,,,
GSA,GSA GItHub Repo,GSA,General Services Administration,,https://github.com/gsa,EDGI,,5/8/2026,All Archiving Done,,Yes,https://github.com/gsa-clone,GitHub repositories,,n/a,,,,,,,,,,,,,,,,,,,,,,,,,,,,,,,,,
NASA,NASA GitHub Repo,NASA,National Aeronautics and Space Administration,,https://github.com/NASA and https://github.com/NASA-Develop,EDGI,,5/8/2026,All Archiving Done,,Yes,https://github.com/nasa-clone,GitHub repositories,,n/a,,,,,,,,,,,,,,,,,,,,,,,,,,,,,,,,,
NOAA,GitHub organization repositories,DOC - NOAA,Department of Commerce,National Oceanic and Atmospheric Administration,"The following NOAA GitHub organizations: HABF-SDI-NCCOS-NOAA, MSE-NCCOS-NOAA, NCEI-NOAAGov, NOAA-AOML, NOAA-CO-OPS, NOAA-CSL, NOAA-Central-Library-NCL, NOAA-EDAB, NOAA-EMC, NOAA-Fisheries-OST-ST1, NOAA-GFDL, NOAA-GLERL, NOAA-GSL, NOAA-MDL, NOAA-ORR-ERD, NOAA-OWP, NOAA-Omics, NOAA-PMEL, NOAA-PSL, NOAA-SWPC, PIFSC-NMFS-NOAA, noaa-gml, noaa-ncai, noaa-ngs, noaa-ocm, noaa-ocs",EDGI,,5/8/2026,All Archiving Done,,Yes,https://github.com/NOAA-clone,GitHub repositories,,n/a,,,,,,,,,,,,,,,,,,,,,,,,,,,,,,,,,
NREL,NREL GitHub organization repositories,DOE - NREL,Department of Energy,National Renewable Energy Laboratory,https://github.com/NREL,EDGI,,5/8/2026,All Archiving Done,,Yes,https://github.com/NREL-clone,GitHub repositories,,n/a,,,,,,,,,,,,,,,,,,,,,,,,,,,,,,,,,
NREL,NREL-Sienna GitHub organization repositories,DOE - NREL,Department of Energy,National Renewable Energy Laboratory,https://github.com/NREL-Sienna,EDGI,,5/8/2026,All Archiving Done,,Yes,https://github.com/NREL-Sienna-clone,GitHub repositories,,n/a,,,,,,,,,,,,,,,,,,,,,,,,,,,,,,,,,
CDC,"Environmental Justice Index (2022, 2024)",DHHS - CDC,Department of Health and Human Services,Centers for Disease Control and Prevention,https://www.atsdr.cdc.gov/place-health/php/eji/eji-data-download.html,OEDP,CR,4/23/2026,All Archiving Done,,Yes,https://dataverse.harvard.edu/dataset.xhtml?persistentId=doi:10.7910/DVN/ZVKXVQ ,"geodatabase, CSV",,735.7,MB,,"Dataset Size 348.4 MB for OEDP GitHub, <1MB for EDGI GitHub, 156.8 Zenodo, 230.5 Dataverse.   - easy to download manually too
- data dictionary: https://eji.cdc.gov/eji_data_download.html; 
- map: https://onemap.cdc.gov/portal/apps/sites/#/eji-explorer  (04-24-2026 - some of the backup links had gotten erased; restored today)",,,,,,,,,,,,,,,Github clones and other data available here: https://github.com/oedp/cdc-ej-index ; https://edgi-govdata-archiving.github.io/cdc_eji_county_level_reports/ ; https://zenodo.org/records/14675861 ,,,,,,,,,,,,,,,
CDC,PLACES,DHHS - CDC,Department of Health and Human Services,Centers for Disease Control and Prevention,https://www.cdc.gov/places/index.html; ; https://www.arcgis.com/home/item.html?id=3b7221d4e47740cab9235b839fa55cd7,OEDP,CR,4/24/2026,All Archiving Done,,Yes,https://github.com/oedp/cdc-places ; https://doi.org/10.5281/zenodo.14774045 ,"CSV, GeoJSON, KML",,991.4,MB,1/30/2025,"GitHub is 45 MB, Zenodo is 946.4 MB ; entry said ""12.5 GB"" when i measured and changed it today (NJY 4/24/2026)  https://www.cdc.gov/places/methodology/index.html",,,,,,,,,,,,,,,,,,,,,,,,,,,,,,
CDC,Social Vulnerability Index,DHHS - CDC,Department of Health and Human Services,Centers for Disease Control and Prevention,https://www.atsdr.cdc.gov/place-health/php/svi/index.html,OEDP,CR,4/24/2026,All Archiving Done,,Yes,https://doi.org/10.7910/DVN/MZF7XQ,"Map tool, CSV",,982.2,MB,,"GitHub is 182.2 MB, Dataverse is 800 MB,   - Downloadable data
-https://www.atsdr.cdc.gov/placeandhealth/index.html
https://www.atsdr.cdc.gov/place-health/php/svi/svi-data-documentation-download.html; https://www.atsdr.cdc.gov/place-health/php/svi/index.html",,,,,,,,,,,,,,,Archived map and github available here: https://github.com/oedp/cdc-svi ; https://doi.org/10.7910/DVN/MZF7XQ  ; https://www.arcgis.com/home/item.html?id=ed69e728e4bf49da9a40cd50d1e45ff7 ,,,,,,,,,,,,,,,
Census,Community Resilience Estimates,DOC - Census,Department of Commerce,US Census Bureau,https://www.census.gov/programs-surveys/community-resilience-estimates.html,OEDP,CR,4/24/2026,All Archiving Done,,Yes,https://github.com/oedp/community-resilience-estimates,,,93.7,MB,,"Data tables only, not the viewers/tools",,,,,,,,,,,,,,,,,,,,,,,,,,,,,,
DOE,IRA Energy Community Data,DOE - NETL,Department of Energy,National Energy Technology Laboratory,https://edx.netl.doe.gov/dataset/ira-energy-community-data-layers,OEDP,CR,5/6/2026,All Archiving Done,,Yes,"https://github.com/oedp/doe-ira-energy-comm-data
Second copy here: https://zenodo.org/records/14757122",,,408,MB,2/12/2025,"Appears to be easy access to data and coding.  [5/6/26 - both links have different sizes of downloads, and neither is the size that was entered.  originally said ""3.6 GB"" but the github extracts to 408 MB and the zenodo says it's 243 MB- NJY]",,,,,,,,,,,,,,,,,,,,,,,,,,,,,,
DOE,Wind Energy Community Benefits Database,DOE - OEERE,Department of Energy,Office of Energy Efficiency and Renewable Energy,https://windexchange.energy.gov/projects/community-benefit-agreements,OEDP,CR,8/13/2025,All Archiving Done,,Yes,https://github.com/oedp/doe-wind-exchange,"CSV,Git",,n/a,,,"–At the Sabin Center, we link to this site from our community benefits database. Other groups have indicated that they use the database to pull example agreements that communities can use in determining what to ask developers for. 
–For webpage archiving: OEDP's contact let us know there are a lot of really helpful guides and maps on the windexchange website that they're worried will get taken down.
No apparent seperate metadata",,,,,,,,,,,,,,,,,,,,,,,,,,,,,,
Census,North American Industry Classification System (NAICS),DOC - Census,Department of Commerce,US Census Bureau,https://www.census.gov/naics/?input=1531&year=2022,OEDP,CR,4/24/2026,All Archiving Done,,Yes,https://github.com/oedp/NAICS,,,17.2,MB,,,,,,,,,,,,,,,,,,,,,,,,,,,,,,,,
NOAA,Storm Events,DOC - NOAA,Department of Commerce,National Oceanic and Atmospheric Administration,https://www.ncei.noaa.gov/pub/data/swdi/stormevents/csvfiles/,OEDP,CR,9/9/2025,All Archiving Done,,Yes,"https://github.com/oedp/noaa_storm_events 
https://github.com/oedp/noaa_storm_events/blob/main/Storm-Data-Bulk-csv-Format.pdf 
https://github.com/oedp/noaa_storm_events/blob/main/Storm-Data-Export-Format.pdf  ",CSV,,1.14,GB,,"https://dataverse.harvard.edu/dataset.xhtml?persistentId=doi:10.7910/DVN/CIZ377 may have similar data, but stops at 2022",,,,,,,,,,,,,,,,,,,,,,,,,,,,,,
Census,"Aging, Independence and Disability Portal - Profile of Older Americans ",DOC - Census,Department of Commerce,US Census Bureau,https://acl.gov/aging-and-disability-in-america/data-and-research/profile-older-americans,OEDP,PR || CR,4/24/2026,All Archiving Done,,Yes,https://github.com/oedp/profile_older_americans,"PDF, XLSX, ZIP",,23.7,MB,,"Updated the status to ""All Archiving Done"" since the data are there and i couldn't find metadata in process (NJY 4/24/2026) Oppurtunity  for group assignment/segmentation",,,,,,,,,,,,,,,,,,,,,,,,,,,,,,
DOE,Open Energy Data Initiative (openEDI) GitHub centralized repositories,DOE,Department of Energy,,https://github.com/openEDI,EDGI,Multiple,8/13/2025,All Archiving Done,,Yes,https://github.com/openEDI-clone,GitHub repositories,,n/a,,,,,,,,,,,,,,,,,,,,,,,,,,,,,,,,,
DOE,pvlib Repo,DOE - NNSA - SNL,Department of Energy,National Nuclear Security Administration - Sandia National Laboratories,https://github.com/pvlib,EDGI,,8/13/2025,All Archiving Done,,Yes,https://github.com/pvlib-clone,GitHub repositories,,n/a,,,,,,,,,,,,,,,,,,,,,,,,,,,,,,,,,
USAID,USAID GItHub Repo,USAID,US Agency for International Development,,https://github.com/usaid,EDGI,,8/13/2025,All Archiving Done,,Yes,https://github.com/usaid-clone,GitHub repositories,,n/a,,,,,,,,,,,,,,,,,,,,,,,,,,,,,,,,,
EPA,USEPA GitHub organization repositories,EPA,Environmental Protection Agency,,https://github.com/USEPA,EDGI,,5/8/2026,All Archiving Done,,Yes,https://github.com/USEPA-clone,GitHub repositories,,n/a,,,,,,,,,,,,,,,,,,,,,,,,,,,,,,,,,
USGS,USGS GitHub organization repositories,DOI - USGS,Department of the Interior,US Geological Survey,https://github.com/USGS,EDGI,,8/13/2025,All Archiving Done,,Yes,https://github.com/USGS-clone,GitHub repositories,,n/a,,,,,,,,,,,,,,,,,,,,,,,,,,,,,,,,,
NIST,NIST GitHub Repo,DOC - NIST,Department of Commerce,National Institute of Standards and Technology,https://github.com/usnistgov,EDGI,,5/8/2026,All Archiving Done,,Yes,https://github.com/usnistgov-clone,GitHub repositories,,n/a,,,,,,,,,,,,,,,,,,,,,,,,,,,,,,,,,
White House,whitehouse GitHub organization repositories,POTUS,Office of the President of the United States,,https://github.com/whitehouse,EDGI,,8/13/2025,All Archiving Done,,Yes,https://github.com/whitehouse-clone,GitHub repositories,,n/a,,,Contains version 1 of Justice 40 screening tool,,,,,,,,,,,,,,,,,,,,,,,,,,,,,,
NOAA,WRF (Weather Research and Forecasting Model) GitHub repositories,DOC - NOAA,Department of Commerce,National Oceanic and Atmospheric Administration,https://github.com/wrf-model,EDGI,,5/8/2026,All Archiving Done,,Yes,https://github.com/wrf-model-clone,GitHub repositories,,n/a,,,Contains version 1 of Justice 40 screening tool,,,,,,,,,,,,,,,,,,,,,,,,,,,,,,
Census,"Public Use Microdata Sample (PUMS), ACS Microdata",DOC - Census,Department of Commerce,US Census Bureau,https://www.census.gov/programs-surveys/acs/microdata.html,OEDP,CR || NJY naomi.yoder@envirodatagov.org,4/24/2026,All Archiving Done,,Yes,https://pedp-data-preserved.s3.us-east-1.amazonaws.com/cb/public-use-microdata-sample.zip,"CSV, SAS",,16,GB,,"""These files are accessible using the microdata access tool on data.census.gov and the Census Bureau's FTP site.""

- 1 year data and metadata downloaded as of 7:30pm
- 5 year data downloaded as of 8pm. 

Jan 2026: Reopening as the goal a year ago was just to get the latest data. ",,,,,,,,,,,,,,,,,,,,,,,,,,,,,,
CDC,National Environmental Public Health Tracking Network,DHHS - CDC,Department of Health and Human Services,Centers for Disease Control and Prevention,https://ephtracking.cdc.gov/DataExplorer/,OEDP,CR,4/23/2026,All Archiving Done,,Yes,https://pedp-data-preserved.s3.us-east-1.amazonaws.com/epht/environmental-public-health-tracking-network.zip,CSV,,2.04,GB,,"API: https://ephtracking.cdc.gov/apihelp; https://ephtracking.cdc.gov/metadataSearch ; zipped download is 1.6 GB.  Downloaded 4/23/2026 and the extracted download size is 2.04 GB.  Original entry said ""300 GB"", not sure why, changed it to 2.04",,,,,,,,,,,,,,,,,,,,,,,,,,,,,,
White House,Invest.gov,POTUS,Office of the President of the United States,,invest.gov,EPIC,gw,5/8/2026,"All Archiving Done, Removed",,Yes,https://pedp-data-preserved.s3.us-east-1.amazonaws.com/invest.gov_dec_2024/invest.gov_dec_2024.zip,"XLSX, CSV",,5,MB,,contains data downloaded from invest.gov in December of 2024. Seperate Metadata: https://pedp-data-preserved.s3.us-east-1.amazonaws.com/invest.gov_dec_2024/A+Note+About+This+Data-Table+1.csv,,,,,,,,,,,,,,,,,,,,,,,,,,,,,,
USGS,PAD-US,DOI - USGS,Department of the Interior,US Geological Survey,https://www.usgs.gov/programs/gap-analysis-project/science/pad-us-data-overview,EPIC,GW,8/13/2025,All Archiving Done,,Yes,https://pedp-data-preserved.s3.us-east-1.amazonaws.com/usgs/PAD-US/4.1/README+USGS+PAD-US+4.1+PEDP+ARCHIVE.txt,ZIP,,15,GB,,meeting notes https://docs.google.com/document/d/1c6MTd-6PNz7HUYoGmVqa8avdykm7J7Nzh306Dq65D-M/edit?tab=t.0#heading=h.y1qbncso175g,,,,,,,,,,,,,,,,,,,,,,,,,,,,,,
USFS,Download National Datasets from the Forest Service,USDA - FS,Department of Agriculture,US Forest Service,https://data.fs.usda.gov/geodata/edw/datasets.php; https://usfs.maps.arcgis.com/sharing/oauth2/authorize?client_id=arcgisonline&response_type=code&state=%7B%22portalUrl%22%3A%22https%3A%2F%2Fusfs.maps.arcgis.com%22%2C%22uid%22%3A%22Vev5qxB48fcsotmSReUqsS5_PrCpzdlNRnxRHAMeWog%22%7D&expiration=20160&redirect_uri=https%3A%2F%2Fusfs.maps.arcgis.com%2Fapps%2FCascade%2Findex.html%3Fappid%3Df09164baef5d47d3ad728deaa1a28e7b&redirectToUserOrgUrl=true&code_challenge=zYLnR-SvpXGqzDRwzCiJxp2BCstzgVovX4n7DydQe18&code_challenge_method=S256 ; https://usfs.maps.arcgis.com/apps/MinimalGallery/index.html?appid=74a3d16ebea445e1b8c81423081e8fd1 ; https://apps.fs.usda.gov/fia/datamart/datamart.html ; https://www.fs.usda.gov/managing-land/forest-management/fvs/what-is-fvs ; https://www.fs.usda.gov/managing-land/sustainability-and-climate,,TB,6/24/2026,All Archiving Done,,,https://sciop.net/datasets/usda-fs-geodata,,,225,GB,,"Collapsed the torrented Forest Service items into one line. - AA Part of the USDA-FSGeodata Clearinghouse page ""Download National Datasets"". Some datasets may make sense to group and save in a single page, but each one comes with its own update status, file, metadata, and abstract. [Dataset Size is for the entire Clearinghouse - NJY]",,,,,,,,,,,,,,,,,,,,,,,,,,,,,,
USFS,Research Data Archive - Catalog,USDA - FS,Department of Agriculture,US Forest Service,https://www.fs.usda.gov/rds/archive/catalog,PEDP Volunteer,TB,5/8/2026,All Archiving Done,Needs scripting,Yes,https://sciop.net/datasets/usfs-rds-archive,,,138,GB,,Over 1000 publications in the archive,,,,,,,,,,,,,,,,,,,,,,,,,,,,,,
USDA,Treesearch -- Forest Service Research & Development,USDA,Department of Agriculture,,https://research.fs.usda.gov/treesearch,SRC,,5/8/2026,All Archiving Done,,Yes,https://sciop.net/datasets/usfs-treesearch,PDF,,122.3,GB,4/4/2025,"All journal articles authored by scientists at USDA Forest Service Research & Development division going back to 1902. Articles cover topics including genetics, hydrology, forest economics, soil, climate science, environmental justice, urban forestry, forest pathologies, mycology, and much more. [Original Dataset Size was listed as 297.81 GB; i can't find that anywhere.  In the SRC torrent, the most current version is 122.3 GB]",,,,,,,,,,,,,,,,,,,,,,,,,,,,,,
EPA,"RSEI - Microdata 2022 (aggregated and disaggregated, without ""core"" files)",EPA - ORD,Environmental Protection Agency,Office of Research and Development,http://abt-rsei.s3-website-us-east-1.amazonaws.com/?prefix=microdata2022/,SRC,Tom B,5/8/2026,All Archiving Done,,Yes,https://sciop.net/uploads/16a562830072179d4adfb5db007f27f91d58b564,,,3.8,TB,7/24/2025,"Includes the Water microdata, served up as a separate package here in another entry",,,,,,,,,,,,,,,,,,,,,,,,,,,,,,
EPA,RSEI - Microdata Aggregated 2018,EPA - ORD,Environmental Protection Agency,Office of Research and Development,http://abt-rsei.s3-website-us-east-1.amazonaws.com/?prefix=aggmicro2018/,SRC,Tom B,5/8/2026,All Archiving Done,,Yes,https://sciop.net/uploads/1878fa54a294b1dba14a42ae69d5b63033751d2a,,,15.9,GB,,,,,,,,,,,,,,,,,,,,,,,,,,,,,,,,
EPA,RSEI - Microdata 2020,EPA - ORD,Environmental Protection Agency,Office of Research and Development,http://abt-rsei.s3-website-us-east-1.amazonaws.com/?prefix=microdata2020/,SRC,Tom B,5/8/2026,All Archiving Done,,Yes,https://sciop.net/uploads/20e6b494648e92dd73a2f0e136df08c907ce59a6,,,4.1,TB,,,,,,,,,,,,,,,,,,,,,,,,,,,,,,,,
EPA,RSEI - Microdata 2019,EPA - ORD,Environmental Protection Agency,Office of Research and Development,http://abt-rsei.s3-website-us-east-1.amazonaws.com/?prefix=microdata2019/,EDGI,"naomi / naomi.yoder@envirodatagov.org, Tom B",5/8/2026,All Archiving Done,,Yes,https://sciop.net/uploads/23032ec07f86952ef542158013cfa380ffce79512354cfd898749ee9e905aa7c,,,161,GB,,,,,,,,,,,,,,,,,,,,,,,,,,,,,,,,
EPA,RSEI - Microdata 2018,EPA - ORD,Environmental Protection Agency,Office of Research and Development,http://abt-rsei.s3-website-us-east-1.amazonaws.com/?prefix=microdata2018/,EDGI,"naomi / naomi.yoder@envirodatagov.org, Tom B",5/8/2026,All Archiving Done,,Yes,https://sciop.net/uploads/3e316a7e178ffc3c07e3ee4ac48680a84ae99f67,,,1.8,TB,,,,,,,,,,,,,,,,,,,,,,,,,,,,,,,,
EPA,RSEI - Microdata Aggregated 2020,EPA - ORD,Environmental Protection Agency,Office of Research and Development,http://abt-rsei.s3-website-us-east-1.amazonaws.com/?prefix=aggmicro2020/,SRC,Tom B,5/8/2026,All Archiving Done,,Yes,https://sciop.net/uploads/406d035c86b09c2b158a6c8e9a21d83ef4ad6dc5,,,17.6,GB,,,,,,,,,,,,,,,,,,,,,,,,,,,,,,,,
EPA,RSEI - Microdata Aggregated 2021,EPA - ORD,Environmental Protection Agency,Office of Research and Development,http://abt-rsei.s3-website-us-east-1.amazonaws.com/?prefix=aggmicro2021/,SRC,Tom B,5/8/2026,All Archiving Done,,Yes,https://sciop.net/uploads/64c986527423bf23aa88f13be9e41c35aca45013,,,1.4,GB,,,,,,,,,,,,,,,,,,,,,,,,,,,,,,,,
EPA,RSEI - Microdata Aggregated 2016,EPA - ORD,Environmental Protection Agency,Office of Research and Development,http://abt-rsei.s3-website-us-east-1.amazonaws.com/?prefix=aggmicro2016/,SRC,Tom B,5/8/2026,All Archiving Done,,Yes,https://sciop.net/uploads/8e7e516005596f7632dca07b68cd15c85589466b,,,26.3,GB,,,,,,,,,,,,,,,,,,,,,,,,,,,,,,,,
EPA,RSEI - Microdata Aggregated 2019,EPA - ORD,Environmental Protection Agency,Office of Research and Development,http://abt-rsei.s3-website-us-east-1.amazonaws.com/?prefix=aggmicro2019/,SRC,Tom B,5/8/2026,All Archiving Done,,Yes,https://sciop.net/uploads/a0dba57530f1f9eda552a936712d566e7fece1cd,,,599.5,MB,,,,,,,,,,,,,,,,,,,,,,,,,,,,,,,,
EPA,"RSEI - Microdata 2022 ( ""core"" only)",EPA - ORD,Environmental Protection Agency,Office of Research and Development,http://abt-rsei.s3-website-us-east-1.amazonaws.com/?prefix=microdata2022/,SRC,Tom B,5/8/2026,All Archiving Done,,Yes,https://sciop.net/uploads/bea5f36320d57343c5d43cd16d1a06f82daf9cc7,,,690.5,GB,,,,,,,,,,,,,,,,,,,,,,,,,,,,,,,,
EPA,RSEI - Microdata Aggregated 2017,EPA - ORD,Environmental Protection Agency,Office of Research and Development,http://abt-rsei.s3-website-us-east-1.amazonaws.com/?prefix=aggmicro2017/,SRC,Tom B,5/8/2026,All Archiving Done,,Yes,https://sciop.net/uploads/bf258852c37fa1cae8512c49cda65b2a83403c9f,,,3.5,GB,,,,,,,,,,,,,,,,,,,,,,,,,,,,,,,,
EPA,RSEI - Microdata 2021,EPA - ORD,Environmental Protection Agency,Office of Research and Development,http://abt-rsei.s3-website-us-east-1.amazonaws.com/?prefix=microdata2021/,SRC,Tom B,5/8/2026,All Archiving Done,,Yes,https://sciop.net/uploads/c118784f339a3809be216292853e1d42b3d5ecd3,,,153.2,GB,,,,,,,,,,,,,,,,,,,,,,,,,,,,,,,,
EPA,"RSEI - Microdata 2023 (without ""core"")",EPA - ORD,Environmental Protection Agency,Office of Research and Development,http://abt-rsei.s3-website-us-east-1.amazonaws.com/?prefix=microdata2023/,SRC,Tom B,5/8/2026,All Archiving Done,,Yes,https://sciop.net/uploads/f0044408a4a3a44bf3d4cee0e9a4f085280f7bf5,,,321.1,GB,,,,,,,,,,,,,,,,,,,,,,,,,,,,,,,,
USDA,2023 Plant Hardiness Zone Map,USDA,Department of Agriculture,,https://planthardiness.ars.usda.gov/,Source Cooperative,,5/8/2026,All Archiving Done,,Yes,https://source.coop/harvard-lil/gov-data/collections/data_gov/2023-usda-plant-hardiness-zone-map-mean-annual-extreme-low-temperature-rasters/v1.zip,,,24,MB,,"Large repository, may be worth breaking into managebale chunks",,,,,,,,,,,,,,,,,,,,,,,,,,,,,,
NOAA,Voices: Oral history Archives,DOC - NOAA,Department of Commerce,National Oceanic and Atmospheric Administration,https://voices.nmfs.noaa.gov/,Source Cooperative,,5/8/2026,All Archiving Done,,Yes,https://source.coop/harvard-lil/gov-data/collections/data_gov/noaa-voices-oral-history-archives1/v1.zip,,,1,MB,,,,,,,,,,,,,,,,,,,,,,,,,,,,,,,,
EPA,"Registry of EPA Applications, Models and Data Warehouses (READ)",EPA,Environmental Protection Agency,,https://sor.epa.gov/sor_internet/registry/systmreg/searchandretrieve/basic/search.do,Source Cooperative,,5/7/2026,All Archiving Done,,Yes,https://source.coop/harvard-lil/gov-data/collections/data_gov/registry-of-epa-applications-models-and-databases/v1.zip,,,1,MB,,,,,,,,,,,,,,,,,,,,,,,,,,,,,,,,
EPA,CompTox Dashboard,EPA - ORD,Environmental Protection Agency,Office of Research and Development,https://comptox.epa.gov/dashboard/,Source Cooperative,,5/7/2026,All Archiving Done,,Yes,https://source.coop/harvard-lil/gov-data/collections/data_gov/the-comptox-chemistry-dashboard-a-community-data-resource-for-environmental-chemistry/v1.zip,,,1,MB,,,,,,,,,,,,,,,,,,,,,,,,,,,,,,,,
EPA,Report on the Environment (ROE),EPA,Environmental Protection Agency,,https://www.epa.gov/report-environment,End of Term Archive,GG/IAWM,5/8/2026,All Archiving Done,,Yes,https://web.archive.org/web/20250827050947/https://www.epa.gov/report-environment,,,31,MB,,A web-based report. All of the pages should be navigable from here: https://web.archive.org/web/20250827050947/https://www.epa.gov/report-environment. Also drive: https://drive.google.com/drive/u/0/folders/1j1OfzU5lMzDb5BXJV_MGQ_ud0zYJNqGj ,,,,,,,,,,,,,,,,,,,,,,,,,,,,,,
EPA,EPA Water Quality Portal Data,EPA,Environmental Protection Agency,,https://www.epa.gov/waterdata/water-quality-data,Internet of Water,Jessie Mahr,5/7/2026,All Archiving Done,,Yes,https://www.hydroshare.org/resource/7b4d4e186c6b4e888876bcb713b4dff7/,CSV,,39.5,GB,2/27/2025,"NOTE: Internet of Water might be doing this but will confirm soon
-Jessie Mahr
yes that have! filling in and shoutout to IoW
-Gabriel Watson",,,,,,,,,,,,,,,,,,,,,,,,,,,,,,
NOAA,Paleoclimatology:  Tree Rings,DOC - NOAA,Department of Commerce,National Oceanic and Atmospheric Administration,https://www.ncei.noaa.gov/pub/data/paleo/treering/,Bullard Center,NJY / naomi.yoder@envirodatagov.org,5/8/2026,All Archiving Done,,Yes,https://zenodo.org/records/14816488,"XLSX, PDF, JSON",,3.5,GB,,"""ITRDB"" Full page:https://www.ncei.noaa.gov/products/paleoclimatology/tree-ring ""Responsible contact"" was listed as Bullard Center, but i think this was because naomi had taken the lead in getting all of these Paleoclimatology datasets catalogued, not because they did all of the downloading.  I think this was Matt",,,,,,,,,,,,,,,,,,,,,,,,,,,,,,
DOE,Justice 40 - Energy Burden Optimization Model Decision Support Tool,DOE - LBL,Department of Energy,Lawrence Berkeley National Laboratory,https://justice40tool.lbl.gov/,OEDP,CR,5/7/2026,All Archiving Done,,Yes,"https://zenodo.org/records/15061683
https://pedp-data-preserved.s3.us-east-1.amazonaws.com/doe/doe-j40-energy-burden.zip","CSV, PNG",,2.6,GB,1/21/2025,"developed and maintained by the Lawrence Berkeley National Laboratory in partnership with the US Department of Energy (DOE) Office of Economic Impact and Diversity, under the J40 initiative. Metadata: https://github.com/LBNLgrid/j40model [2.9GB is for all unzipped files; download size is more like 400 MB - NJY]",,,,,,,,,,,,,,,,,,,,,,,,,,,,,,
DOE,Clean Electricity Low-Income Community Bonus Credit Program,DOE - NETL,Department of Energy,National Energy Technology Laboratory,https://experience.arcgis.com/experience/12227d891a4d471497ac13f60fffd822/page/Page/,OEDP,CR,5/6/2026,All Archiving Done,ArcGIS,Yes,https://zenodo.org/records/15061838,"ZIP,HTML,GIF,XLSX",,258,MB,1/21/2025,data and code here: https://data.nrel.gov/submissions/222. Metadata: https://experience.arcgis.com/experience/12227d891a4d471497ac13f60fffd822,,,,,,,,,,,,,,,,,,,,,,,,,,,,,,
EPA,Equitable Resilience Builder,EPA,Environmental Protection Agency,,https://www.epa.gov/emergency-response-research/equitable-resilience-builder,EDGI,Eric Nost,5/7/2026,"All Archiving Done, Removed",,Yes,https://zenodo.org/records/15604247,docx,,124,MB,,"Eric has and IAWM has.  Straightforward; could be crawled. As of 2/28/25 Equitable Resilience Builder Tool has been removed. It will be relaunced as the ""Community Resilience Builder"" on a date TBA.",,,,,,,,,,,,,,,,,,,,,,,,,,,,,,
EPA,"RSEI - Current Version V2312_RY2022, Disaggregated Grid Cell, 2020",EPA - ORD,Environmental Protection Agency,Office of Research and Development,https://gaftp.epa.gov/RSEI/Current_Version/V2312_RY2022/Disaggregated_Grid_Cell/,EDGI,NJY / naomi.yoder@envirodatagov.org,5/8/2026,All Archiving Done,,Yes,https://zenodo.org/records/16954463,,,23.5,GB,7/15/2025,"Size is for three datasets added together, unzipped",,,,,,,,,,,,,,,,,,,,,,,,,,,,,,
EPA,"RSEI - Current Version V2312_RY2022, Disaggregated Grid Cell, 2021",EPA - ORD,Environmental Protection Agency,Office of Research and Development,https://gaftp.epa.gov/RSEI/Current_Version/V2312_RY2022/Disaggregated_Grid_Cell/,EDGI,NJY / naomi.yoder@envirodatagov.org,5/8/2026,All Archiving Done,,Yes,https://doi.org/10.5281/zenodo.16944116,,,23.4,GB,7/15/2025,"Size is for three datasets added together, unzipped",,,,,,,,,,,,,,,,,,,,,,,,,,,,,,
EPA,"RSEI - Current Version V2312_RY2022, Disaggregated Grid Cell, 2022",EPA - ORD,Environmental Protection Agency,Office of Research and Development,https://gaftp.epa.gov/RSEI/Current_Version/V2312_RY2022/Disaggregated_Grid_Cell/,EDGI,NJY / naomi.yoder@envirodatagov.org,5/8/2026,All Archiving Done,,Yes,https://zenodo.org/records/16945038,,,23.7,GB,7/15/2025,"Size is for three datasets added together, unzipped",,,,,,,,,,,,,,,,,,,,,,,,,,,,,,
EPA,RSEI - Microdata 2016,EPA - ORD,Environmental Protection Agency,Office of Research and Development,http://abt-rsei.s3-website-us-east-1.amazonaws.com/?prefix=microdata2016/,EDGI,NJY / naomi.yoder@envirodatagov.org,5/8/2026,All Archiving Done,,Yes,https://zenodo.org/records/17065030,,,4.3,GB,,,,,,,,,,,,,,,,,,,,,,,,,,,,,,,,
EPA,"RSEI - Microdata 2017, Census Aggregated",EPA - ORD,Environmental Protection Agency,Office of Research and Development,http://abt-rsei.s3-website-us-east-1.amazonaws.com/?prefix=microdata2017/,EDGI,NJY / naomi.yoder@envirodatagov.org,5/8/2026,All Archiving Done,,Yes,https://zenodo.org/records/17065165,,,126,MB,,The dataset on Dataverse is the dissaggregated datasets for every year compared to 2017.  The other datasets are aggregated or otherwise refined.,,,,,,,,,,,,,,,,,,,,,,,,,,,,,,
EPA,"RSEI - Microdata 2017, Census Block Group 1988-1997",EPA - ORD,Environmental Protection Agency,Office of Research and Development,http://abt-rsei.s3-website-us-east-1.amazonaws.com/?prefix=microdata2017/,EDGI,NJY / naomi.yoder@envirodatagov.org,5/8/2026,All Archiving Done,,Yes,https://doi.org/10.5281/zenodo.17065220,,,47,GB,,The dataset on Dataverse is the dissaggregated datasets for every year compared to 2017.  The other datasets are aggregated or otherwise refined.,,,,,,,,,,,,,,,,,,,,,,,,,,,,,,
EPA,"RSEI - Microdata 2017, Census Block Group 1998-2011",EPA - ORD,Environmental Protection Agency,Office of Research and Development,http://abt-rsei.s3-website-us-east-1.amazonaws.com/?prefix=microdata2017/,EDGI,NJY / naomi.yoder@envirodatagov.org,5/8/2026,All Archiving Done,,Yes,https://zenodo.org/records/17088034,,,41.3,GB,,The dataset on Dataverse is the dissaggregated datasets for every year compared to 2017.  The other datasets are aggregated or otherwise refined.,,,,,,,,,,,,,,,,,,,,,,,,,,,,,,
EPA,"RSEI - Microdata 2017, Census Block Group 2012-2017",EPA - ORD,Environmental Protection Agency,Office of Research and Development,http://abt-rsei.s3-website-us-east-1.amazonaws.com/?prefix=microdata2017/,EDGI,NJY / naomi.yoder@envirodatagov.org,5/8/2026,All Archiving Done,,Yes,https://zenodo.org/records/17109745,,,16.8,GB,,The dataset on Dataverse is the dissaggregated datasets for every year compared to 2017.  The other datasets are aggregated or otherwise refined.,,,,,,,,,,,,,,,,,,,,,,,,,,,,,,
EPA,"RSEI - Microdata 2017, Census Tract 1988-2017",EPA - ORD,Environmental Protection Agency,Office of Research and Development,http://abt-rsei.s3-website-us-east-1.amazonaws.com/?prefix=microdata2017/,EDGI,NJY / naomi.yoder@envirodatagov.org,5/8/2026,All Archiving Done,,Yes,https://zenodo.org/records/17102039,,,38,GB,,The dataset on Dataverse is the dissaggregated datasets for every year compared to 2017.  The other datasets are aggregated or otherwise refined.,,,,,,,,,,,,,,,,,,,,,,,,,,,,,,
EPA,"RSEI - Microdata 2017, Census Zipcode 1988-2017",EPA - ORD,Environmental Protection Agency,Office of Research and Development,http://abt-rsei.s3-website-us-east-1.amazonaws.com/?prefix=microdata2017/,EDGI,NJY / naomi.yoder@envirodatagov.org,5/8/2026,All Archiving Done,,Yes,https://zenodo.org/records/17109396,,,8,GB,,The dataset on Dataverse is the dissaggregated datasets for every year compared to 2017.  The other datasets are aggregated or otherwise refined.,,,,,,,,,,,,,,,,,,,,,,,,,,,,,,
EPA,"RSEI - Microdata 2017, Shapefiles 1988-2017, Block Groups and Tracts",EPA - ORD,Environmental Protection Agency,Office of Research and Development,http://abt-rsei.s3-website-us-east-1.amazonaws.com/?prefix=microdata2017/,EDGI,NJY / naomi.yoder@envirodatagov.org,5/8/2026,All Archiving Done,,Yes,https://zenodo.org/records/17109593,,,30.4,GB,,The dataset on Dataverse is the dissaggregated datasets for every year compared to 2017.  The other datasets are aggregated or otherwise refined.,,,,,,,,,,,,,,,,,,,,,,,,,,,,,,
EPA,"RSEI - Microdata 2017, Shapefiles 1988-2017, Zipcodes",EPA - ORD,Environmental Protection Agency,Office of Research and Development,http://abt-rsei.s3-website-us-east-1.amazonaws.com/?prefix=microdata2017/,EDGI,NJY / naomi.yoder@envirodatagov.org,5/8/2026,All Archiving Done,,Yes,https://zenodo.org/records/17127799,,,14.2,GB,,The dataset on Dataverse is the dissaggregated datasets for every year compared to 2017.  The other datasets are aggregated or otherwise refined.,,,,,,,,,,,,,,,,,,,,,,,,,,,,,,
EPA,"Risk-Screening Environmental Indicators (RSEI), Microdata Disaggregated 2017, 1988-2017 datasets",EPA - ORD,Environmental Protection Agency,Office of Research and Development,http://abt-rsei.s3-website-us-east-1.amazonaws.com/?prefix=microdata2017/,EDGI,NJY / naomi.yoder@envirodatagov.org,5/8/2026,All Archiving Done,,Yes,https://doi.org/10.7910/DVN/VGQOJV,,,731.2,GB,,The dataset on Dataverse is the dissaggregated datasets for every year compared to 2017.  The other datasets are aggregated or otherwise refined.,,,,,,,,,,,,,,,,,,,,,,,,,,,,,,
USDA,Landfire,USDA,Department of Agriculture,,https://landfire.gov/data,,TB,6/12/2026,All Archiving Done,,,https://sciop.net/datasets/usda-landfire,Shapefiles,,,,,.,,,,,,,,,,,,,,,,,,,,,,,,,,,,,,